Track Name,Time,Geometry,Latitude,Longitude,Elevation,Ortho Height,Instrument Ht,Fix ID,Speed,Bearing,Horizontal Accuracy,Vertical Accuracy,PDOP,HDOP,VDOP,Satellites in View,Satellites in Use,Latitude_Smoothed,Longitude_Smoothed,Speed_Smoothed
Track 1,20-05-2025 23:32:53.100 -0500,POINTZ(-89.469982579 43.015555537 275.3051),43.015555537,-89.469982579,275.3051,0,0,9901,12.5921,268.8,0,0,999,999,999,0,0,43.0155549102,-89.4700132058,12.49978
Track 1,20-05-2025 23:32:53.200 -0500,POINTZ(-89.469997912 43.015555255 275.31),43.015555255,-89.469997912,275.31,0,0,9901,12.4424,268.4,0,0,999,999,999,0,0,43.01555475833334,-89.47002090916668,12.489616666666668
Track 1,20-05-2025 23:32:53.300 -0500,POINTZ(-89.47001338 43.01555497 275.2954),43.01555497,-89.47001338,275.2954,0,0,9901,12.5061,268.4,0,0,999,999,999,0,0,43.01555456914286,-89.47002854157142,12.492999999999999
Track 1,20-05-2025 23:32:53.400 -0500,POINTZ(-89.47002835 43.015554537 275.3142),43.015554537,-89.47002835,275.3142,0,0,9901,12.4825,268.2,0,0,999,999,999,0,0,43.015554313624996,-89.4700360405,12.478175
Track 1,20-05-2025 23:32:53.500 -0500,POINTZ(-89.470043808 43.015554252 275.3009),43.015554252,-89.470043808,275.3009,0,0,9901,12.4758,268.2,0,0,999,999,999,0,0,43.01555417644445,-89.47004381322222,12.482999999999999
Track 1,20-05-2025 23:32:53.600 -0500,POINTZ(-89.470059426 43.015553999 275.3063),43.015553999,-89.470059426,275.3063,0,0,9901,12.4388,268.2,0,0,999,999,999,0,0,43.0155535957,-89.4700552254,12.48557
Track 1,20-05-2025 23:32:53.700 -0500,POINTZ(-89.470074336 43.015553434 275.2081),43.015553434,-89.470074336,275.2081,0,0,9901,12.5133,268.3,0,0,999,999,999,0,0,43.0155524913,-89.47007427470001,12.49097
Track 1,20-05-2025 23:32:53.800 -0500,POINTZ(-89.470088533 43.015552525 275.2861),43.015552525,-89.470088533,275.2861,0,0,9901,12.3744,267.4,0,0,999,999,999,0,0,43.015551465499996,-89.4700934503,12.517199999999999
Track 1,20-05-2025 23:32:53.900 -0500,POINTZ(-89.470105995 43.015553079 275.2445),43.015553079,-89.470105995,275.2445,0,0,9901,12.5216,267.3,0,0,999,999,999,0,0,43.0155505743,-89.4701126808,12.49982
Track 1,20-05-2025 23:32:54.000 -0500,POINTZ(-89.470157935 43.015548369 269.2102),43.015548369,-89.470157935,269.2102,0,0,1,12.5087,267.8,0,0,999,999,999,0,0,43.0155498175,-89.4701320182,12.487779999999999
Track 1,20-05-2025 23:32:54.100 -0500,POINTZ(-89.470173072 43.015544493 268.5362),43.015544493,-89.470173072,268.5362,0,0,1,12.6461,267.2,0,0,999,999,999,0,0,43.015549134699995,-89.4701513482,12.465969999999999
Track 1,20-05-2025 23:32:54.200 -0500,POINTZ(-89.470189668 43.015544997 268.1962),43.015544997,-89.470189668,268.1962,0,0,1,12.7047,267.3,0,0,999,999,999,0,0,43.0155484747,-89.4701706411,12.46118
Track 1,20-05-2025 23:32:54.300 -0500,POINTZ(-89.470205685 43.015546058 268.0503),43.015546058,-89.470205685,268.0503,0,0,1,12.3323,268.8,0,0,999,999,999,0,0,43.015547877799996,-89.4701899754,12.46962
Track 1,20-05-2025 23:32:54.400 -0500,POINTZ(-89.470221724 43.015546969 268.023),43.015546969,-89.470221724,268.023,0,0,1,12.3621,268.0,0,0,999,999,999,0,0,43.0155473829,-89.4702094109,12.49267
Track 1,20-05-2025 23:32:54.500 -0500,POINTZ(-89.470237108 43.015547424 268.0265),43.015547424,-89.470237108,268.0265,0,0,1,12.2577,268.1,0,0,999,999,999,0,0,43.0155469068,-89.4702286156,12.49725
Track 1,20-05-2025 23:32:54.600 -0500,POINTZ(-89.470252355 43.015547399 268.0357),43.015547399,-89.470252355,268.0357,0,0,1,12.3909,267.6,0,0,999,999,999,0,0,43.0155469447,-89.4702441296,12.49432
Track 1,20-05-2025 23:32:54.700 -0500,POINTZ(-89.470267679 43.015547465 268.0577),43.015547465,-89.470267679,268.0577,0,0,1,12.5977,268.5,0,0,999,999,999,0,0,43.015547388499996,-89.4702596077,12.46247
Track 1,20-05-2025 23:32:54.800 -0500,POINTZ(-89.470282888 43.015547576 268.0666),43.015547576,-89.470282888,268.0666,0,0,1,12.6049,268.1,0,0,999,999,999,0,0,43.015547804099995,-89.4702749259,12.425229999999999
Track 1,20-05-2025 23:32:54.900 -0500,POINTZ(-89.470298042 43.015548318 268.1129),43.015548318,-89.470298042,268.1129,0,0,1,12.5674,268.5,0,0,999,999,999,0,0,43.0155481218,-89.4702901457,12.42811
Track 1,20-05-2025 23:32:55.000 -0500,POINTZ(-89.470313075 43.015548748 268.198),43.015548748,-89.470313075,268.198,0,0,1,12.4794,268.3,0,0,999,999,999,0,0,43.0155483419,-89.4703052719,12.427290000000001
Track 1,20-05-2025 23:32:55.100 -0500,POINTZ(-89.470327853 43.015548931 268.2751),43.015548931,-89.470327853,268.2751,0,0,1,12.3276,267.8,0,0,999,999,999,0,0,43.0155485076,-89.47032036099999,12.44082
Track 1,20-05-2025 23:32:55.200 -0500,POINTZ(-89.47034285 43.015549153 268.333),43.015549153,-89.47034285,268.333,0,0,1,12.3323,268.0,0,0,999,999,999,0,0,43.015548692,-89.4703354196,12.44458
Track 1,20-05-2025 23:32:55.300 -0500,POINTZ(-89.470357883 43.015549235 268.3849),43.015549235,-89.470357883,268.3849,0,0,1,12.3611,268.1,0,0,999,999,999,0,0,43.0155488738,-89.4703504468,12.43337
Track 1,20-05-2025 23:32:55.400 -0500,POINTZ(-89.470372986 43.01554917 268.433),43.01554917,-89.470372986,268.433,0,0,1,12.3539,268.1,0,0,999,999,999,0,0,43.0155490319,-89.4703654563,12.42061
Track 1,20-05-2025 23:32:55.500 -0500,POINTZ(-89.470387999 43.015549081 268.4874),43.015549081,-89.470387999,268.4874,0,0,1,12.393,268.6,0,0,999,999,999,0,0,43.015549101199994,-89.4703804316,12.41037
Track 1,20-05-2025 23:32:55.600 -0500,POINTZ(-89.470402941 43.015549243 268.529),43.015549243,-89.470402941,268.529,0,0,1,12.4285,268.7,0,0,999,999,999,0,0,43.0155491034,-89.47039539049999,12.406609999999999
Track 1,20-05-2025 23:32:55.700 -0500,POINTZ(-89.470417951 43.015549283 268.5496),43.015549283,-89.470417951,268.5496,0,0,1,12.4856,268.6,0,0,999,999,999,0,0,43.015549051700006,-89.4704103696,12.41716
Track 1,20-05-2025 23:32:55.800 -0500,POINTZ(-89.470432983 43.015549157 268.5625),43.015549157,-89.470432983,268.5625,0,0,1,12.4773,268.7,0,0,999,999,999,0,0,43.0155489364,-89.4704253587,12.42708
Track 1,20-05-2025 23:32:55.900 -0500,POINTZ(-89.470447795 43.015549011 268.5484),43.015549011,-89.470447795,268.5484,0,0,1,12.465,268.6,0,0,999,999,999,0,0,43.015548768500004,-89.47044035209998,12.43685
Track 1,20-05-2025 23:32:56.000 -0500,POINTZ(-89.470462664 43.01554877 268.5662),43.01554877,-89.470462664,268.5662,0,0,1,12.4418,268.6,0,0,999,999,999,0,0,43.0155485655,-89.4704553415,12.447140000000001
Track 1,20-05-2025 23:32:56.100 -0500,POINTZ(-89.470477644 43.015548414 268.5849),43.015548414,-89.470477644,268.5849,0,0,1,12.4331,268.4,0,0,999,999,999,0,0,43.0155483318,-89.47047032430001,12.45017
Track 1,20-05-2025 23:32:56.200 -0500,POINTZ(-89.470492741 43.015548 268.5991),43.015548,-89.470492741,268.5991,0,0,1,12.4315,268.3,0,0,999,999,999,0,0,43.0155480405,-89.47048530459999,12.450109999999999
Track 1,20-05-2025 23:32:56.300 -0500,POINTZ(-89.470507817 43.015547556 268.6123),43.015547556,-89.470507817,268.6123,0,0,1,12.4588,268.3,0,0,999,999,999,0,0,43.0155477018,-89.47050029340001,12.44342
Track 1,20-05-2025 23:32:56.400 -0500,POINTZ(-89.47052288 43.01554714 268.6318),43.01554714,-89.47052288,268.6318,0,0,1,12.4568,268.5,0,0,999,999,999,0,0,43.015547335600004,-89.47051529550001,12.43761
Track 1,20-05-2025 23:32:56.500 -0500,POINTZ(-89.470537827 43.015546744 268.6499),43.015546744,-89.470537827,268.6499,0,0,1,12.4233,268.6,0,0,999,999,999,0,0,43.015546955400005,-89.4705303297,12.430200000000001
Track 1,20-05-2025 23:32:56.600 -0500,POINTZ(-89.470552744 43.01554633 268.6735),43.01554633,-89.470552744,268.6735,0,0,1,12.4279,268.7,0,0,999,999,999,0,0,43.0155465701,-89.4705453884,12.42136
Track 1,20-05-2025 23:32:56.700 -0500,POINTZ(-89.470567839 43.015545896 268.7005),43.015545896,-89.470567839,268.7005,0,0,1,12.4187,268.9,0,0,999,999,999,0,0,43.0155461923,-89.4705604575,12.414829999999998
Track 1,20-05-2025 23:32:56.800 -0500,POINTZ(-89.470583004 43.015545495 268.7212),43.015545495,-89.470583004,268.7212,0,0,1,12.4192,268.8,0,0,999,999,999,0,0,43.015545821399996,-89.47057551930001,12.40655
Track 1,20-05-2025 23:32:56.900 -0500,POINTZ(-89.470598137 43.015545209 268.7343),43.015545209,-89.470598137,268.7343,0,0,1,12.3909,268.8,0,0,999,999,999,0,0,43.015545451899996,-89.4705905784,12.39745
Track 1,20-05-2025 23:32:57.000 -0500,POINTZ(-89.470613251 43.015544917 268.7463),43.015544917,-89.470613251,268.7463,0,0,1,12.3534,269.1,0,0,999,999,999,0,0,43.0155450805,-89.47060564620001,12.38849
Track 1,20-05-2025 23:32:57.100 -0500,POINTZ(-89.470628335 43.015544636 268.7592),43.015544636,-89.470628335,268.7592,0,0,1,12.3678,269.1,0,0,999,999,999,0,0,43.015544710899995,-89.4706207447,12.38227
Track 1,20-05-2025 23:32:57.200 -0500,POINTZ(-89.470643359 43.015544291 268.7995),43.015544291,-89.470643359,268.7995,0,0,1,12.3487,269.1,0,0,999,999,999,0,0,43.0155443558,-89.4706358838,12.37348
Track 1,20-05-2025 23:32:57.300 -0500,POINTZ(-89.470658408 43.015543861 268.8528),43.015543861,-89.470658408,268.8528,0,0,1,12.3678,269.1,0,0,999,999,999,0,0,43.015544021400004,-89.47065103579999,12.36761
Track 1,20-05-2025 23:32:57.400 -0500,POINTZ(-89.470673558 43.015543426 268.9054),43.015543426,-89.470673558,268.9054,0,0,1,12.3672,269.2,0,0,999,999,999,0,0,43.0155437275,-89.470666189,12.362210000000001
Track 1,20-05-2025 23:32:57.500 -0500,POINTZ(-89.470688812 43.015543048 268.9543),43.015543048,-89.470688812,268.9543,0,0,1,12.3611,269.2,0,0,999,999,999,0,0,43.0155434614,-89.4706813443,12.358709999999999
Track 1,20-05-2025 23:32:57.600 -0500,POINTZ(-89.470704135 43.015542779 268.9806),43.015542779,-89.470704135,268.9806,0,0,1,12.34,269.3,0,0,999,999,999,0,0,43.0155432255,-89.4706965041,12.35438
Track 1,20-05-2025 23:32:57.700 -0500,POINTZ(-89.470719359 43.015542552 269.0175),43.015542552,-89.470719359,269.0175,0,0,1,12.36,269.3,0,0,999,999,999,0,0,43.0155430358,-89.470711675,12.34846
Track 1,20-05-2025 23:32:57.800 -0500,POINTZ(-89.470734536 43.015542556 269.0603),43.015542556,-89.470734536,269.0603,0,0,1,12.3652,269.3,0,0,999,999,999,0,0,43.0155428923,-89.4707268678,12.34651
Track 1,20-05-2025 23:32:57.900 -0500,POINTZ(-89.47074969 43.015542548 269.1188),43.015542548,-89.47074969,269.1188,0,0,1,12.3559,269.4,0,0,999,999,999,0,0,43.0155428011,-89.47074209029999,12.344040000000001
Track 1,20-05-2025 23:32:58.000 -0500,POINTZ(-89.470764849 43.015542558 269.1829),43.015542558,-89.470764849,269.1829,0,0,1,12.3101,269.7,0,0,999,999,999,0,0,43.0155427568,-89.47075732319999,12.34111
Track 1,20-05-2025 23:32:58.100 -0500,POINTZ(-89.470780044 43.015542739 269.2399),43.015542739,-89.470780044,269.2399,0,0,1,12.3086,269.8,0,0,999,999,999,0,0,43.015542754200006,-89.47077255180001,12.33704
Track 1,20-05-2025 23:32:58.200 -0500,POINTZ(-89.470795287 43.015542856 269.3049),43.015542856,-89.470795287,269.3049,0,0,1,12.3292,270.0,0,0,999,999,999,0,0,43.0155427686,-89.4707877722,12.33189
Track 1,20-05-2025 23:32:58.300 -0500,POINTZ(-89.470810633 43.015542949 269.3642),43.015542949,-89.470810633,269.3642,0,0,1,12.3431,270.1,0,0,999,999,999,0,0,43.0155427804,-89.4708029951,12.322019999999998
Track 1,20-05-2025 23:32:58.400 -0500,POINTZ(-89.470825887 43.015542983 269.433),43.015542983,-89.470825887,269.433,0,0,1,12.3379,270.0,0,0,999,999,999,0,0,43.0155427676,-89.4708182292,12.31322
Track 1,20-05-2025 23:32:58.500 -0500,POINTZ(-89.470841098 43.015543022 269.5042),43.015543022,-89.470841098,269.5042,0,0,1,12.3204,270.0,0,0,999,999,999,0,0,43.015542732300005,-89.47083348369999,12.30638
Track 1,20-05-2025 23:32:58.600 -0500,POINTZ(-89.470856339 43.015542923 269.5942),43.015542923,-89.470856339,269.5942,0,0,1,12.2885,270.2,0,0,999,999,999,0,0,43.015542678399996,-89.47084874609999,12.30705
Track 1,20-05-2025 23:32:58.700 -0500,POINTZ(-89.470871588 43.01554267 269.6945),43.01554267,-89.470871588,269.6945,0,0,1,12.2613,270.4,0,0,999,999,999,0,0,43.015542599999996,-89.470864013,12.30823
Track 1,20-05-2025 23:32:58.800 -0500,POINTZ(-89.470886877 43.015542428 269.79),43.015542428,-89.470886877,269.79,0,0,1,12.2772,270.4,0,0,999,999,999,0,0,43.0155425046,-89.4708792796,12.30622
Track 1,20-05-2025 23:32:58.900 -0500,POINTZ(-89.470902235 43.015542195 269.8636),43.015542195,-89.470902235,269.8636,0,0,1,12.2875,270.4,0,0,999,999,999,0,0,43.0155423944,-89.47089453059999,12.298759999999998
Track 1,20-05-2025 23:32:59.000 -0500,POINTZ(-89.470917473 43.015542019 269.9344),43.015542019,-89.470917473,269.9344,0,0,1,12.3168,270.3,0,0,999,999,999,0,0,43.015542268900006,-89.4709097699,12.29094
Track 1,20-05-2025 23:32:59.100 -0500,POINTZ(-89.470932713 43.015541955 270.0045),43.015541955,-89.470932713,270.0045,0,0,1,12.3204,270.3,0,0,999,999,999,0,0,43.0155421325,-89.4709250002,12.28544
Track 1,20-05-2025 23:32:59.200 -0500,POINTZ(-89.470947953 43.015541902 270.0862),43.015541902,-89.470947953,270.0862,0,0,1,12.3091,270.4,0,0,999,999,999,0,0,43.0155420031,-89.4709402119,12.28411
Track 1,20-05-2025 23:32:59.300 -0500,POINTZ(-89.470963143 43.015541847 270.1734),43.015541847,-89.470963143,270.1734,0,0,1,12.2685,270.5,0,0,999,999,999,0,0,43.0155419046,-89.4709554046,12.286370000000002
Track 1,20-05-2025 23:32:59.400 -0500,POINTZ(-89.47097828 43.015541728 270.257),43.015541728,-89.47097828,270.257,0,0,1,12.2597,270.5,0,0,999,999,999,0,0,43.015541838299995,-89.4709705729,12.28755
Track 1,20-05-2025 23:32:59.500 -0500,POINTZ(-89.470993401 43.015541658 270.3221),43.015541658,-89.470993401,270.3221,0,0,1,12.2654,270.6,0,0,999,999,999,0,0,43.0155418272,-89.4709857019,12.28745
Track 1,20-05-2025 23:32:59.600 -0500,POINTZ(-89.471008456 43.015541629 270.3682),43.015541629,-89.471008456,270.3682,0,0,1,12.2752,270.7,0,0,999,999,999,0,0,43.0155418639,-89.47100079050001,12.28159
Track 1,20-05-2025 23:32:59.700 -0500,POINTZ(-89.471023515 43.015541685 270.3944),43.015541685,-89.471023515,270.3944,0,0,1,12.2839,270.6,0,0,999,999,999,0,0,43.0155419541,-89.4710158359,12.27089
Track 1,20-05-2025 23:32:59.800 -0500,POINTZ(-89.47103856 43.015541765 270.4087),43.015541765,-89.47103856,270.4087,0,0,1,12.289,270.6,0,0,999,999,999,0,0,43.0155420938,-89.4710308458,12.26071
Track 1,20-05-2025 23:32:59.900 -0500,POINTZ(-89.471053525 43.015542084 270.4378),43.015542084,-89.471053525,270.4378,0,0,1,12.2865,270.5,0,0,999,999,999,0,0,43.0155422525,-89.4710458229,12.255410000000001
Track 1,20-05-2025 23:33:00.000 -0500,POINTZ(-89.471068359 43.015542386 270.4589),43.015542386,-89.471068359,270.4589,0,0,1,12.2582,270.5,0,0,999,999,999,0,0,43.0155424335,-89.471060775,12.256029999999999
Track 1,20-05-2025 23:33:00.100 -0500,POINTZ(-89.471083167 43.015542857 270.4944),43.015542857,-89.471083167,270.4944,0,0,1,12.2134,270.6,0,0,999,999,999,0,0,43.0155426384,-89.4710757047,12.25376
Track 1,20-05-2025 23:33:00.200 -0500,POINTZ(-89.471098052 43.015543299 270.5291),43.015543299,-89.471098052,270.5291,0,0,1,12.2073,270.6,0,0,999,999,999,0,0,43.0155428822,-89.4710906207,12.24969
Track 1,20-05-2025 23:33:00.300 -0500,POINTZ(-89.471112914 43.015543434 270.5386),43.015543434,-89.471112914,270.5386,0,0,1,12.2155,270.8,0,0,999,999,999,0,0,43.0155431564,-89.47110552289999,12.23817
Track 1,20-05-2025 23:33:00.400 -0500,POINTZ(-89.471127801 43.015543538 270.5517),43.015543538,-89.471127801,270.5517,0,0,1,12.2659,270.9,0,0,999,999,999,0,0,43.0155434627,-89.47112041119999,12.22387
Track 1,20-05-2025 23:33:00.500 -0500,POINTZ(-89.471142698 43.015543707 270.5718),43.015543707,-89.471142698,270.5718,0,0,1,12.2427,271.1,0,0,999,999,999,0,0,43.0155437783,-89.4711352888,12.20741
Track 1,20-05-2025 23:33:00.600 -0500,POINTZ(-89.471157616 43.015544067 270.5954),43.015544067,-89.471157616,270.5954,0,0,1,12.2345,271.1,0,0,999,999,999,0,0,43.015544097900005,-89.47115017200001,12.192490000000001
Track 1,20-05-2025 23:33:00.700 -0500,POINTZ(-89.471172537 43.015544427 270.6029),43.015544427,-89.471172537,270.6029,0,0,1,12.1687,271.3,0,0,999,999,999,0,0,43.0155444067,-89.47116506249999,12.18159
Track 1,20-05-2025 23:33:00.800 -0500,POINTZ(-89.471187443 43.015544828 270.609),43.015544828,-89.471187443,270.609,0,0,1,12.146,271.2,0,0,999,999,999,0,0,43.0155447074,-89.4711799509,12.16795
Track 1,20-05-2025 23:33:00.900 -0500,POINTZ(-89.471202301 43.01554524 270.6062),43.01554524,-89.471202301,270.6062,0,0,1,12.1219,271.1,0,0,999,999,999,0,0,43.01554503050001,-89.47119483590001,12.15277
Track 1,20-05-2025 23:33:01.000 -0500,POINTZ(-89.471217191 43.015545582 270.5959),43.015545582,-89.471217191,270.5959,0,0,1,12.109,271.1,0,0,999,999,999,0,0,43.0155453699,-89.4712097148,12.13147
Track 1,20-05-2025 23:33:01.100 -0500,POINTZ(-89.471232072 43.015545945 270.5724),43.015545945,-89.471232072,270.5724,0,0,1,12.1044,271.1,0,0,999,999,999,0,0,43.0155457209,-89.4712245782,12.1039
Track 1,20-05-2025 23:33:01.200 -0500,POINTZ(-89.471246936 43.015546306 270.5524),43.015546306,-89.471246936,270.5524,0,0,1,12.0709,271.4,0,0,999,999,999,0,0,43.0155460611,-89.47123942580001,12.07463
Track 1,20-05-2025 23:33:01.300 -0500,POINTZ(-89.471261764 43.015546665 270.5353),43.015546665,-89.471261764,270.5353,0,0,1,12.0637,271.4,0,0,999,999,999,0,0,43.0155463896,-89.4712542578,12.04865
Track 1,20-05-2025 23:33:01.400 -0500,POINTZ(-89.47127659 43.015546932 270.5199),43.015546932,-89.47127659,270.5199,0,0,1,12.0529,271.4,0,0,999,999,999,0,0,43.0155467071,-89.47126906740002,12.02139
Track 1,20-05-2025 23:33:01.500 -0500,POINTZ(-89.471291332 43.015547217 270.52),43.015547217,-89.471291332,270.52,0,0,1,11.967,271.5,0,0,999,999,999,0,0,43.0155470177,-89.4712838486,11.99211
Track 1,20-05-2025 23:33:01.600 -0500,POINTZ(-89.471306092 43.015547469 270.523),43.015547469,-89.471306092,270.523,0,0,1,11.9418,271.5,0,0,999,999,999,0,0,43.0155473342,-89.47129860509999,11.96063
Track 1,20-05-2025 23:33:01.700 -0500,POINTZ(-89.471320857 43.015547712 270.5236),43.015547712,-89.471320857,270.5236,0,0,1,11.9089,271.6,0,0,999,999,999,0,0,43.015547655199995,-89.4713133307,11.923739999999999
Track 1,20-05-2025 23:33:01.800 -0500,POINTZ(-89.471335539 43.015548003 270.5254),43.015548003,-89.471335539,270.5254,0,0,1,11.8734,271.7,0,0,999,999,999,0,0,43.015547983199994,-89.4713280127,11.88861
Track 1,20-05-2025 23:33:01.900 -0500,POINTZ(-89.471350113 43.015548346 270.5324),43.015548346,-89.471350113,270.5324,0,0,1,11.8291,271.9,0,0,999,999,999,0,0,43.0155483167,-89.471342655,11.853729999999999
Track 1,20-05-2025 23:33:02.000 -0500,POINTZ(-89.471364756 43.015548747 270.5465),43.015548747,-89.471364756,270.5465,0,0,1,11.7942,272.0,0,0,999,999,999,0,0,43.0155486591,-89.471357253,11.81448
Track 1,20-05-2025 23:33:02.100 -0500,POINTZ(-89.471379328 43.015549155 270.5597),43.015549155,-89.471379328,270.5597,0,0,1,11.7355,272.1,0,0,999,999,999,0,0,43.0155490095,-89.4713717818,11.770439999999999
Track 1,20-05-2025 23:33:02.200 -0500,POINTZ(-89.471393756 43.015549586 270.5733),43.015549586,-89.471393756,270.5733,0,0,1,11.7196,272.2,0,0,999,999,999,0,0,43.0155493879,-89.4713862664,11.71997
Track 1,20-05-2025 23:33:02.300 -0500,POINTZ(-89.471408187 43.01555 270.58),43.01555,-89.471408187,270.58,0,0,1,11.7149,272.3,0,0,999,999,999,0,0,43.0155497891,-89.4714006894,11.66734
Track 1,20-05-2025 23:33:02.400 -0500,POINTZ(-89.47142257 43.015550356 270.5875),43.015550356,-89.47142257,270.5875,0,0,1,11.6604,272.2,0,0,999,999,999,0,0,43.0155502069,-89.4714150147,11.60674
Track 1,20-05-2025 23:33:02.500 -0500,POINTZ(-89.47143662 43.015550721 270.5917),43.015550721,-89.47143662,270.5917,0,0,1,11.5266,272.1,0,0,999,999,999,0,0,43.015550643,-89.4714292421,11.538839999999999
Track 1,20-05-2025 23:33:02.600 -0500,POINTZ(-89.471450938 43.015551253 270.5951),43.015551253,-89.471450938,270.5951,0,0,1,11.4371,272.2,0,0,999,999,999,0,0,43.0155510938,-89.4714434009,11.47052
Track 1,20-05-2025 23:33:02.700 -0500,POINTZ(-89.471465087 43.015551724 270.5997),43.015551724,-89.471465087,270.5997,0,0,1,11.3826,272.5,0,0,999,999,999,0,0,43.0155515626,-89.4714574645,11.39865
Track 1,20-05-2025 23:33:02.800 -0500,POINTZ(-89.471478792 43.015552181 270.6021),43.015552181,-89.471478792,270.6021,0,0,1,11.2674,272.8,0,0,999,999,999,0,0,43.0155520462,-89.4714714099,11.31587
Track 1,20-05-2025 23:33:02.900 -0500,POINTZ(-89.471492387 43.015552707 270.6066),43.015552707,-89.471492387,270.6066,0,0,1,11.1501,273.1,0,0,999,999,999,0,0,43.015552539,-89.4714852528,11.22214
Track 1,20-05-2025 23:33:03.000 -0500,POINTZ(-89.471506344 43.015553255 270.6118),43.015553255,-89.471506344,270.6118,0,0,1,11.111,273.2,0,0,999,999,999,0,0,43.0155530527,-89.4714989886,11.1228
Track 1,20-05-2025 23:33:03.100 -0500,POINTZ(-89.471519964 43.015553843 270.615),43.015553843,-89.471519964,270.615,0,0,1,11.0168,273.3,0,0,999,999,999,0,0,43.015553589199996,-89.47151263410001,11.024130000000001
Track 1,20-05-2025 23:33:03.200 -0500,POINTZ(-89.47153321 43.015554422 270.6166),43.015554422,-89.47153321,270.6166,0,0,1,10.8918,273.3,0,0,999,999,999,0,0,43.0155541324,-89.4715261512,10.91764
Track 1,20-05-2025 23:33:03.300 -0500,POINTZ(-89.471546616 43.015554928 270.6124),43.015554928,-89.471546616,270.6124,0,0,1,10.7776,273.1,0,0,999,999,999,0,0,43.0155547043,-89.4715395053,10.8005
Track 1,20-05-2025 23:33:03.400 -0500,POINTZ(-89.471559928 43.015555493 270.6156),43.015555493,-89.471559928,270.6156,0,0,1,10.667,272.9,0,0,999,999,999,0,0,43.0155552855,-89.4715527319,10.68073
Track 1,20-05-2025 23:33:03.500 -0500,POINTZ(-89.471573075 43.015556086 270.614),43.015556086,-89.471573075,270.614,0,0,1,10.5399,273.1,0,0,999,999,999,0,0,43.0155558518,-89.4715658563,10.56405
Track 1,20-05-2025 23:33:03.600 -0500,POINTZ(-89.471586109 43.015556685 270.6098),43.015556685,-89.471586109,270.6098,0,0,1,10.3722,273.3,0,0,999,999,999,0,0,43.0155563909,-89.4715788323,10.4378
Track 1,20-05-2025 23:33:03.700 -0500,POINTZ(-89.471598628 43.015557443 270.5845),43.015557443,-89.471598628,270.5845,0,0,1,10.2112,273.3,0,0,999,999,999,0,0,43.0155569362,-89.4715916403,10.297569999999999
Track 1,20-05-2025 23:33:03.800 -0500,POINTZ(-89.471611058 43.015557993 270.5728),43.015557993,-89.471611058,270.5728,0,0,1,10.0697,273.2,0,0,999,999,999,0,0,43.0155574552,-89.4716042602,10.148069999999999
Track 1,20-05-2025 23:33:03.900 -0500,POINTZ(-89.471623631 43.01555837 270.5619),43.01555837,-89.471623631,270.5619,0,0,1,9.9833,273.2,0,0,999,999,999,0,0,43.0155579595,-89.4716166642,9.99451
Track 1,20-05-2025 23:33:04.000 -0500,POINTZ(-89.471636104 43.015558646 270.562),43.015558646,-89.471636104,270.562,0,0,1,9.8485,273.1,0,0,999,999,999,0,0,43.01555844560001,-89.4716288548,9.84404
Track 1,20-05-2025 23:33:04.100 -0500,POINTZ(-89.471648044 43.015559296 270.5531),43.015559296,-89.471648044,270.5531,0,0,1,9.6145,273.3,0,0,999,999,999,0,0,43.015558919300005,-89.4716408283,9.689919999999999
Track 1,20-05-2025 23:33:04.200 -0500,POINTZ(-89.471659409 43.015559612 270.5412),43.015559612,-89.471659409,270.5412,0,0,1,9.3968,273.5,0,0,999,999,999,0,0,43.0155593723,-89.47165253899999,9.53039
Track 1,20-05-2025 23:33:04.300 -0500,POINTZ(-89.471670656 43.015559971 270.5347),43.015559971,-89.471670656,270.5347,0,0,1,9.242,273.6,0,0,999,999,999,0,0,43.0155598308,-89.4716640582,9.36695
Track 1,20-05-2025 23:33:04.400 -0500,POINTZ(-89.471681834 43.015560354 270.526),43.015560354,-89.471681834,270.526,0,0,1,9.1623,273.6,0,0,999,999,999,0,0,43.015560301799994,-89.4716754234,9.207370000000001
Track 1,20-05-2025 23:33:04.500 -0500,POINTZ(-89.47169281 43.015560823 270.5159),43.015560823,-89.47169281,270.5159,0,0,1,8.9987,273.7,0,0,999,999,999,0,0,43.0155607922,-89.4716866684,9.04537
Track 1,20-05-2025 23:33:04.600 -0500,POINTZ(-89.471703216 43.015561215 270.5222),43.015561215,-89.471703216,270.5222,0,0,1,8.7769,273.7,0,0,999,999,999,0,0,43.0155613136,-89.4716977234,8.885169999999999
Track 1,20-05-2025 23:33:04.700 -0500,POINTZ(-89.47171382 43.015562028 270.5493),43.015562028,-89.47171382,270.5493,0,0,1,8.5768,273.5,0,0,999,999,999,0,0,43.015561841099995,-89.47170862409999,8.734480000000001
Track 1,20-05-2025 23:33:04.800 -0500,POINTZ(-89.47172471 43.015562703 270.5789),43.015562703,-89.47172471,270.5789,0,0,1,8.4739,273.4,0,0,999,999,999,0,0,43.015562391100005,-89.4717194406,8.588740000000001
Track 1,20-05-2025 23:33:04.900 -0500,POINTZ(-89.471736081 43.015563274 270.604),43.015563274,-89.471736081,270.604,0,0,1,8.3633,273.5,0,0,999,999,999,0,0,43.0155629628,-89.47173015770001,8.44495
Track 1,20-05-2025 23:33:05.000 -0500,POINTZ(-89.471746654 43.01556386 270.6094),43.01556386,-89.471746654,270.6094,0,0,1,8.2465,273.7,0,0,999,999,999,0,0,43.015563568,-89.4717407495,8.30255
Track 1,20-05-2025 23:33:05.100 -0500,POINTZ(-89.471757051 43.015564571 270.6153),43.015564571,-89.471757051,270.6153,0,0,1,8.1076,273.7,0,0,999,999,999,0,0,43.0155642001,-89.4717512055,8.1726
Track 1,20-05-2025 23:33:05.200 -0500,POINTZ(-89.471767574 43.015565112 270.6413),43.015565112,-89.471767574,270.6413,0,0,1,7.9394,273.7,0,0,999,999,999,0,0,43.0155648478,-89.47176159400001,8.06282
Track 1,20-05-2025 23:33:05.300 -0500,POINTZ(-89.471777827 43.015565688 270.6707),43.015565688,-89.471777827,270.6707,0,0,1,7.8041,273.6,0,0,999,999,999,0,0,43.015565455300006,-89.47177189649999,7.961319999999999
Track 1,20-05-2025 23:33:05.400 -0500,POINTZ(-89.471787752 43.015566406 270.6897),43.015566406,-89.471787752,270.6897,0,0,1,7.7383,273.5,0,0,999,999,999,0,0,43.0155660444,-89.471782044,7.85622
Track 1,20-05-2025 23:33:05.500 -0500,POINTZ(-89.47179737 43.015567144 270.7051),43.015567144,-89.47179737,270.7051,0,0,1,7.6992,273.3,0,0,999,999,999,0,0,43.0155666381,-89.47179195269999,7.749420000000001
Track 1,20-05-2025 23:33:05.600 -0500,POINTZ(-89.471807101 43.015567692 270.7354),43.015567692,-89.471807101,270.7354,0,0,1,7.6791,273.5,0,0,999,999,999,0,0,43.015567226399995,-89.4718017023,7.649470000000001
Track 1,20-05-2025 23:33:05.700 -0500,POINTZ(-89.471816845 43.015568103 270.7832),43.015568103,-89.471816845,270.7832,0,0,1,7.5618,273.9,0,0,999,999,999,0,0,43.015567784400005,-89.4718113655,7.56289
Track 1,20-05-2025 23:33:05.800 -0500,POINTZ(-89.471826185 43.015568594 270.8322),43.015568594,-89.471826185,270.8322,0,0,1,7.4229,274.0,0,0,999,999,999,0,0,43.0155683615,-89.47182088529999,7.49236
Track 1,20-05-2025 23:33:05.900 -0500,POINTZ(-89.471835168 43.015569211 270.8692),43.015569211,-89.471835168,270.8692,0,0,1,7.2953,274.0,0,0,999,999,999,0,0,43.0155689301,-89.4718303052,7.43289
Track 1,20-05-2025 23:33:06.000 -0500,POINTZ(-89.47184415 43.015569743 270.9008),43.015569743,-89.47184415,270.9008,0,0,1,7.247,273.6,0,0,999,999,999,0,0,43.0155694729,-89.4718396507,7.374809999999999
Track 1,20-05-2025 23:33:06.100 -0500,POINTZ(-89.471853683 43.015570151 270.9647),43.015570151,-89.471853683,270.9647,0,0,1,7.2418,273.7,0,0,999,999,999,0,0,43.015569997,-89.471848904,7.311020000000001
Track 1,20-05-2025 23:33:06.200 -0500,POINTZ(-89.471862772 43.015570883 270.9903),43.015570883,-89.471862772,270.9903,0,0,1,7.2341,274.1,0,0,999,999,999,0,0,43.015570547100005,-89.47185802319999,7.242699999999999
Track 1,20-05-2025 23:33:06.300 -0500,POINTZ(-89.471872026 43.015571374 271.0426),43.015571374,-89.471872026,271.0426,0,0,1,7.2094,274.3,0,0,999,999,999,0,0,43.0155711393,-89.47186696150001,7.181280000000001
Track 1,20-05-2025 23:33:06.400 -0500,POINTZ(-89.471881207 43.015571834 271.1017),43.015571834,-89.471881207,271.1017,0,0,1,7.1575,274.5,0,0,999,999,999,0,0,43.0155717317,-89.47187580689999,7.12423
Track 1,20-05-2025 23:33:06.500 -0500,POINTZ(-89.471889903 43.015572385 271.1214),43.015572385,-89.471889903,271.1214,0,0,1,7.0613,274.1,0,0,999,999,999,0,0,43.015572350599996,-89.4718845525,7.07238
Track 1,20-05-2025 23:33:06.600 -0500,POINTZ(-89.471898293 43.015573193 271.1726),43.015573193,-89.471898293,271.1726,0,0,1,6.9959,273.9,0,0,999,999,999,0,0,43.0155729855,-89.47189319980001,7.0153300000000005
Track 1,20-05-2025 23:33:06.700 -0500,POINTZ(-89.471906228 43.015574025 271.193),43.015574025,-89.471906228,271.193,0,0,1,6.9476,273.9,0,0,999,999,999,0,0,43.0155736401,-89.4719016911,6.9486099999999995
Track 1,20-05-2025 23:33:06.800 -0500,POINTZ(-89.471914639 43.015574518 271.2506),43.015574518,-89.471914639,271.2506,0,0,1,6.8524,274.1,0,0,999,999,999,0,0,43.015574253400004,-89.4719100625,6.87119
Track 1,20-05-2025 23:33:06.900 -0500,POINTZ(-89.471922624 43.0155754 271.2561),43.0155754,-89.471922624,271.2561,0,0,1,6.7768,274.3,0,0,999,999,999,0,0,43.015574851000004,-89.4719182967,6.78574
Track 1,20-05-2025 23:33:07.000 -0500,POINTZ(-89.471930623 43.015576092 271.2716),43.015576092,-89.471930623,271.2716,0,0,1,6.6765,274.3,0,0,999,999,999,0,0,43.015575443799996,-89.4719264047,6.6985399999999995
Track 1,20-05-2025 23:33:07.100 -0500,POINTZ(-89.471938596 43.015576697 271.3007),43.015576697,-89.471938596,271.3007,0,0,1,6.5746,274.2,0,0,999,999,999,0,0,43.0155760328,-89.47193442540001,6.61941
Track 1,20-05-2025 23:33:07.200 -0500,POINTZ(-89.471946486 43.015577016 271.3275),43.015577016,-89.471946486,271.3275,0,0,1,6.4599,274.0,0,0,999,999,999,0,0,43.01557658590001,-89.4719424022,6.550319999999999
Track 1,20-05-2025 23:33:07.300 -0500,POINTZ(-89.471954368 43.01557735 271.3574),43.01557735,-89.471954368,271.3574,0,0,1,6.3549,274.4,0,0,999,999,999,0,0,43.0155771022,-89.4719503725,6.49327
Track 1,20-05-2025 23:33:07.400 -0500,POINTZ(-89.471962287 43.015577762 271.3613),43.015577762,-89.471962287,271.3613,0,0,1,6.2855,274.5,0,0,999,999,999,0,0,43.0155776117,-89.4719582964,6.45031
Track 1,20-05-2025 23:33:07.500 -0500,POINTZ(-89.47197011 43.015578275 271.3607),43.015578275,-89.47197011,271.3607,0,0,1,6.27,274.4,0,0,999,999,999,0,0,43.0155780601,-89.4719662379,6.413729999999999
Track 1,20-05-2025 23:33:07.600 -0500,POINTZ(-89.471978061 43.015578724 271.375),43.015578724,-89.471978061,271.375,0,0,1,6.305,274.0,0,0,999,999,999,0,0,43.015578484900004,-89.47197416140001,6.38265
Track 1,20-05-2025 23:33:07.700 -0500,POINTZ(-89.471985931 43.015579188 271.3897),43.015579188,-89.471985931,271.3897,0,0,1,6.3771,274.3,0,0,999,999,999,0,0,43.0155788784,-89.4719820551,6.3542499999999995
Track 1,20-05-2025 23:33:07.800 -0500,POINTZ(-89.471993878 43.015579613 271.4103),43.015579613,-89.471993878,271.4103,0,0,1,6.4228,274.5,0,0,999,999,999,0,0,43.015579276699995,-89.4719899111,6.32678
Track 1,20-05-2025 23:33:07.900 -0500,POINTZ(-89.472002039 43.015579884 271.4511),43.015579884,-89.472002039,271.4511,0,0,1,6.411,274.5,0,0,999,999,999,0,0,43.0155796822,-89.4719977211,6.29911
Track 1,20-05-2025 23:33:08.000 -0500,POINTZ(-89.472009858 43.01558034 271.466),43.01558034,-89.472009858,271.466,0,0,1,6.3657,274.2,0,0,999,999,999,0,0,43.015580090200004,-89.47200547150001,6.26407
Track 1,20-05-2025 23:33:08.100 -0500,POINTZ(-89.472017533 43.015580632 271.4931),43.015580632,-89.472017533,271.4931,0,0,1,6.2906,274.4,0,0,999,999,999,0,0,43.0155804954,-89.4720131502,6.218909999999999
Track 1,20-05-2025 23:33:08.200 -0500,POINTZ(-89.472025046 43.015580999 271.5136),43.015580999,-89.472025046,271.5136,0,0,1,6.1852,274.9,0,0,999,999,999,0,0,43.0155809018,-89.4720207597,6.16063
Track 1,20-05-2025 23:33:08.300 -0500,POINTZ(-89.472032468 43.015581405 271.5337),43.015581405,-89.472032468,271.5337,0,0,1,6.0782,275.1,0,0,999,999,999,0,0,43.0155813079,-89.4720282665,6.08202
Track 1,20-05-2025 23:33:08.400 -0500,POINTZ(-89.472039791 43.015581842 271.5498),43.015581842,-89.472039791,271.5498,0,0,1,5.9351,274.7,0,0,999,999,999,0,0,43.0155817119,-89.4720356535,5.984070000000001
Track 1,20-05-2025 23:33:08.500 -0500,POINTZ(-89.472046897 43.015582327 271.5499),43.015582327,-89.472046897,271.5499,0,0,1,5.8184,274.7,0,0,999,999,999,0,0,43.0155821269,-89.472042857,5.86796
Track 1,20-05-2025 23:33:08.600 -0500,POINTZ(-89.472054156 43.015582788 271.5499),43.015582788,-89.472054156,271.5499,0,0,1,5.7222,274.7,0,0,999,999,999,0,0,43.01558253180001,-89.4720499003,5.73585
Track 1,20-05-2025 23:33:08.700 -0500,POINTZ(-89.472060999 43.015583249 271.5544),43.015583249,-89.472060999,271.5544,0,0,1,5.591,275.2,0,0,999,999,999,0,0,43.0155829358,-89.4720567695,5.5896
Track 1,20-05-2025 23:33:08.800 -0500,POINTZ(-89.472067748 43.015583653 271.5619),43.015583653,-89.472067748,271.5619,0,0,1,5.4433,275.2,0,0,999,999,999,0,0,43.0155833178,-89.4720634751,5.4293
Track 1,20-05-2025 23:33:08.900 -0500,POINTZ(-89.472074074 43.015584034 271.555),43.015584034,-89.472074074,271.555,0,0,1,5.2499,275.1,0,0,999,999,999,0,0,43.0155836725,-89.47206999570001,5.25192
Track 1,20-05-2025 23:33:09.000 -0500,POINTZ(-89.472080291 43.015584389 271.5609),43.015584389,-89.472080291,271.5609,0,0,1,5.0446,274.5,0,0,999,999,999,0,0,43.0155840305,-89.4720762947,5.06132
Track 1,20-05-2025 23:33:09.100 -0500,POINTZ(-89.472086225 43.015584672 271.5705),43.015584672,-89.472086225,271.5705,0,0,1,4.8281,274.0,0,0,999,999,999,0,0,43.0155843846,-89.47208232919999,4.84906
Track 1,20-05-2025 23:33:09.200 -0500,POINTZ(-89.472092102 43.015584819 271.5934),43.015584819,-89.472092102,271.5934,0,0,1,4.5822,274.3,0,0,999,999,999,0,0,43.015584723399996,-89.47208803410001,4.6139
Track 1,20-05-2025 23:33:09.300 -0500,POINTZ(-89.472097674 43.015584952 271.6108),43.015584952,-89.472097674,271.6108,0,0,1,4.3044,275.2,0,0,999,999,999,0,0,43.0155850584,-89.4720934081,4.355849999999999
Track 1,20-05-2025 23:33:09.400 -0500,POINTZ(-89.472102781 43.015585422 271.6192),43.015585422,-89.472102781,271.6192,0,0,1,4.0291,276.0,0,0,999,999,999,0,0,43.0155853826,-89.47209842020001,4.06936
Track 1,20-05-2025 23:33:09.500 -0500,POINTZ(-89.472107242 43.015585868 271.6017),43.015585868,-89.472107242,271.6017,0,0,1,3.6958,275.4,0,0,999,999,999,0,0,43.015585678600004,-89.4721030773,3.75858
Track 1,20-05-2025 23:33:09.600 -0500,POINTZ(-89.472111205 43.015586176 271.572),43.015586176,-89.472111205,271.572,0,0,1,3.3706,274.1,0,0,999,999,999,0,0,43.0155859544,-89.4721073373,3.4271299999999996
Track 1,20-05-2025 23:33:09.700 -0500,POINTZ(-89.472114739 43.015586599 271.5402),43.015586599,-89.472114739,271.5402,0,0,1,3.0105,273.3,0,0,999,999,999,0,0,43.015586204,-89.4721111809,3.07756
Track 1,20-05-2025 23:33:09.800 -0500,POINTZ(-89.472117869 43.015586895 271.523),43.015586895,-89.472117869,271.523,0,0,1,2.5784,273.1,0,0,999,999,999,0,0,43.015586428899994,-89.4721146298,2.71888
Track 1,20-05-2025 23:33:09.900 -0500,POINTZ(-89.472120645 43.015586994 271.5035),43.015586994,-89.472120645,271.5035,0,0,1,2.1421,274.1,0,0,999,999,999,0,0,43.0155866264,-89.4721176634,2.35491
Track 1,20-05-2025 23:33:10.000 -0500,POINTZ(-89.472122891 43.015587147 271.4899),43.015587147,-89.472122891,271.4899,0,0,1,1.7301,275.4,0,0,999,999,999,0,0,43.015586735,-89.47212028,1.98503
Track 1,20-05-2025 23:33:10.100 -0500,POINTZ(-89.472124661 43.015587168 271.4798),43.015587168,-89.472124661,271.4798,0,0,1,1.3324,276.4,0,0,999,999,999,0,0,43.0155867843,-89.47212249020001,1.62173
Track 1,20-05-2025 23:33:10.200 -0500,POINTZ(-89.472126591 43.015587068 271.4566),43.015587068,-89.472126591,271.4566,0,0,1,0.9954,276.8,0,0,999,999,999,0,0,43.0155868038,-89.4721243379,1.2874
Track 1,20-05-2025 23:33:10.300 -0500,POINTZ(-89.47212801 43.015586927 271.4318),43.015586927,-89.47212801,271.4318,0,0,1,0.6647,276.7,0,0,999,999,999,0,0,43.0155867977,-89.47212585529999,0.99041
Track 1,20-05-2025 23:33:10.400 -0500,POINTZ(-89.472128947 43.015586508 271.3897),43.015586508,-89.472128947,271.3897,0,0,1,0.3303,280.8,0,0,999,999,999,0,0,43.0155867675,-89.4721270558,0.7437799999999999
Track 1,20-05-2025 23:33:10.500 -0500,POINTZ(-89.472129344 43.015586361 271.338),43.015586361,-89.472129344,271.338,0,0,1,0.0627999999999999,303.1,0,0,999,999,999,0,0,43.0155867254,-89.47212799849999,0.54192
Track 1,20-05-2025 23:33:10.600 -0500,POINTZ(-89.472129682 43.015586371 271.3011),43.015586371,-89.472129682,271.3011,0,0,1,0.0273,282.9,0,0,999,999,999,0,0,43.0155866728,-89.4721287304,0.37817
Track 1,20-05-2025 23:33:10.700 -0500,POINTZ(-89.472129913 43.015586538 271.2693),43.015586538,-89.472129913,271.2693,0,0,1,0.0406,243.3,0,0,999,999,999,0,0,43.01558661777778,-89.47212918255555,0.2721444444444444
Track 1,20-05-2025 23:33:10.800 -0500,POINTZ(-89.472129874 43.015586593 271.2503),43.015586593,-89.472129874,271.2503,0,0,1,0.1121,249.3,0,0,999,999,999,0,0,43.0155865615,-89.4721295065,0.18173749999999994
Track 1,20-05-2025 23:33:10.900 -0500,POINTZ(-89.472130072 43.015586573 271.2408),43.015586573,-89.472130072,271.2408,0,0,1,0.1235,262.9,0,0,999,999,999,0,0,43.01558650928571,-89.47212972028571,0.1127428571428571
Track 1,20-05-2025 23:33:11.000 -0500,POINTZ(-89.47213021 43.015586621 271.2299),43.015586621,-89.47213021,271.2299,0,0,1,0.0926,269.4,0,0,999,999,999,0,0,43.0155865095,-89.47212984916666,0.07648333333333328
