Time,Track Name_lead,Geometry_lead,Latitude_lead,Longitude_lead,Elevation_lead,Ortho Height_lead,Instrument Ht_lead,Fix ID_lead,Speed_lead,Bearing_lead,Horizontal Accuracy_lead,Vertical Accuracy_lead,PDOP_lead,HDOP_lead,VDOP_lead,Satellites in View_lead,Satellites in Use_lead,Track Name_follow,Geometry_follow,Latitude_follow,Longitude_follow,Elevation_follow,Ortho Height_follow,Instrument Ht_follow,Fix ID_follow,Speed_follow,Bearing_follow,Horizontal Accuracy_follow,Vertical Accuracy_follow,PDOP_follow,HDOP_follow,VDOP_follow,Satellites in View_follow,Satellites in Use_follow,Latitude_lead_smoothed,Longitude_lead_smoothed,Speed_lead_smoothed,Latitude_follow_smoothed,Longitude_follow_smoothed,Speed_follow_smoothed
2025-06-10 22:49:35-05:00,Track 5,POINTZ(-89.452818723 43.015521108 274.4539),43.015521108,-89.452818723,274.4539,0.0,0.0,1.0,17.4021,267.5,1.478,2.302,1.0,0.6,0.8,26.0,26.0,Track 5,POINTZ(-89.452448837 43.015518322 282.426),43.015518322,-89.452448837,282.426,0,0,9901,18.859,268.3,0,0,999,999,999,0,0,43.0155199024,-89.4528615318,17.3657,43.015517411000005,-89.4524949366,18.82886
2025-06-10 22:49:35.100000-05:00,,,43.0155205052,-89.4528401274,,,,,17.3839,,,,,,,,,Track 5,POINTZ(-89.452471847 43.015517875 282.4284),43.015517875,-89.452471847,282.4284,0,0,9901,18.8451,268.4,0,0,999,999,999,0,0,43.015519601,-89.452872234,17.3566,43.015517173,-89.45250647166667,18.820766666666668
2025-06-10 22:49:35.200000-05:00,,,43.0155199024,-89.4528615318,,,,,17.3657,,,,,,,,,Track 5,POINTZ(-89.452494931 43.015517438 282.3829),43.015517438,-89.452494931,282.3829,0,0,9901,18.8297,268.5,0,0,999,999,999,0,0,43.01551924934286,-89.452882933,17.3471,43.01551693971429,-89.452517999,18.813585714285715
2025-06-10 22:49:35.300000-05:00,,,43.0155192996,-89.4528829362,,,,,17.3475,,,,,,,,,Track 5,POINTZ(-89.452517987 43.015516947 282.3418),43.015516947,-89.452517987,282.3418,0,0,9901,18.8148,268.5,0,0,999,999,999,0,0,43.015518866275,-89.45289363,17.33735,43.015516692375,-89.45252951762501,18.805375
2025-06-10 22:49:35.400000-05:00,,,43.0155186968,-89.4529043406,,,,,17.3293,,,,,,,,,Track 5,POINTZ(-89.452541081 43.015516473 282.3085),43.015516473,-89.452541081,282.3085,0,0,9901,18.7957,268.4,0,0,999,999,999,0,0,43.01551846226667,-89.45290432566667,17.32743333333333,43.01551644344445,-89.452541032,18.797844444444443
2025-06-10 22:49:35.500000-05:00,Track 5,POINTZ(-89.452925745 43.015518094 274.3198),43.015518094,-89.452925745,274.3198,0.0,0.0,1.0,17.3111,267.4,1.538,2.32,1.1,0.6,0.9,26.0,26.0,Track 5,POINTZ(-89.452564147 43.015515983 282.2542),43.015515983,-89.452564147,282.2542,0,0,9901,18.7803,268.4,0,0,999,999,999,0,0,43.015518043600004,-89.4529150204,17.3174,43.015516191,-89.45255254,18.791050000000002
2025-06-10 22:49:35.600000-05:00,,,43.0155171394,-89.452947127,,,,,17.2901,,,,,,,,,Track 5,POINTZ(-89.452587163 43.01551554 282.2151),43.01551554,-89.452587163,282.2151,0,0,9901,18.7705,268.3,0,0,999,999,999,0,0,43.0155172649,-89.4529364136,17.297800000000002,43.0155156948,-89.4525755615,18.77824
2025-06-10 22:49:35.700000-05:00,,,43.0155161848,-89.452968509,,,,,17.269099999999998,,,,,,,,,Track 5,POINTZ(-89.452610148 43.015514961 282.1756),43.015514961,-89.452610148,282.1756,0,0,9901,18.7479,268.1,0,0,999,999,999,0,0,43.01551644818,-89.45295787464,17.280245999999998,43.015515193300004,-89.4525985748,18.76682
2025-06-10 22:49:35.800000-05:00,,,43.0155152302,-89.452989891,,,,,17.2481,,,,,,,,,Track 5,POINTZ(-89.452633147 43.015514452 282.1342),43.015514452,-89.452633147,282.1342,0,0,9901,18.7376,268.2,0,0,999,999,999,0,0,43.01551559344,-89.45297940352,17.264738,43.0155146751,-89.45262156599999,18.75087
2025-06-10 22:49:35.900000-05:00,,,43.0155142756,-89.453011273,,,,,17.2271,,,,,,,,,Track 5,POINTZ(-89.452656112 43.015513919 282.0926),43.015513919,-89.452656112,282.0926,0,0,9901,18.7299,268.1,0,0,999,999,999,0,0,43.01551470068,-89.45300100024,17.251275999999997,43.0155141488,-89.45264453780001,18.729210000000002
2025-06-10 22:49:36-05:00,Track 5,POINTZ(-89.453032655 43.015513321 274.1713),43.015513321,-89.453032655,274.1713,0.0,0.0,1.0,17.2061,267.0,1.457,2.24,1.0,0.6,0.8,26.0,26.0,Track 5,POINTZ(-89.452679052 43.01551336 282.0542),43.01551336,-89.452679052,282.0542,0,0,9901,18.7309,268.1,0,0,999,999,999,0,0,43.015513769900004,-89.4530226648,17.23986,43.0155136154,-89.45266748169999,18.7075
2025-06-10 22:49:36.100000-05:00,,,43.015512338,-89.4530547378,,,,,17.20836,,,,,,,,,Track 5,POINTZ(-89.45270198 43.01551286 282.0047),43.01551286,-89.45270198,282.0047,0,0,9901,18.7309,268.1,0,0,999,999,999,0,0,43.0155128011,-89.4530443972,17.23049,43.0155130707,-89.4526903963,18.685589999999998
2025-06-10 22:49:36.200000-05:00,,,43.015511355,-89.4530768206,,,,,17.21062,,,,,,,,,Track 5,POINTZ(-89.452724843 43.015512256 281.9674),43.015512256,-89.452724843,281.9674,0,0,9901,18.6702,268.0,0,0,999,999,999,0,0,43.01551187552,-89.45306617594,17.225288,43.0155125151,-89.4527132821,18.661520000000003
2025-06-10 22:49:36.300000-05:00,,,43.015510372,-89.4530989034,,,,,17.212880000000002,,,,,,,,,Track 5,POINTZ(-89.452747705 43.015511684 281.9326),43.015511684,-89.452747705,281.9326,0,0,9901,18.5982,268.0,0,0,999,999,999,0,0,43.01551099316,-89.45308800102,17.224254,43.015511963,-89.45273613570001,18.632089999999998
2025-06-10 22:49:36.400000-05:00,,,43.015509389,-89.4531209862,,,,,17.21514,,,,,,,,,Track 5,POINTZ(-89.45277052 43.015511139 281.8798),43.015511139,-89.45277052,281.8798,0,0,9901,18.5786,267.9,0,0,999,999,999,0,0,43.01551015402,-89.45310987244001,17.227387999999998,43.0155114019,-89.45275895580001,18.59963
2025-06-10 22:49:36.500000-05:00,Track 5,POINTZ(-89.453143069 43.015508406 273.8471),43.015508406,-89.453143069,273.8471,0.0,0.0,1.0,17.2174,267.8,1.432,2.184,1.0,0.6,0.8,26.0,26.0,Track 5,POINTZ(-89.452793293 43.015510536 281.8321),43.015510536,-89.452793293,281.8321,0,0,9901,18.5612,268.0,0,0,999,999,999,0,0,43.015509358100005,-89.4531317902,17.23469,43.0155108383,-89.45278173310001,18.56609
2025-06-10 22:49:36.600000-05:00,,,43.0155078836,-89.4531649144,,,,,17.23808,,,,,,,,,Track 5,POINTZ(-89.452816021 43.015509984 281.7848),43.015509984,-89.452816021,281.7848,0,0,9901,18.5298,268.0,0,0,999,999,999,0,0,43.0155086054,-89.4531537543,17.24616,43.015510274,-89.45280446780001,18.532140000000002
2025-06-10 22:49:36.700000-05:00,,,43.0155073612,-89.4531867598,,,,,17.25876,,,,,,,,,Track 5,POINTZ(-89.452838684 43.01550944 281.7376),43.01550944,-89.452838684,281.7376,0,0,9901,18.4536,268.2,0,0,999,999,999,0,0,43.01550794628,-89.45317562026,17.257806,43.015509701999996,-89.4528271575,18.495510000000003
2025-06-10 22:49:36.800000-05:00,,,43.0155068388,-89.4532086052,,,,,17.27944,,,,,,,,,Track 5,POINTZ(-89.452861348 43.015508841 281.6953),43.015508841,-89.452861348,281.6953,0,0,9901,18.413,268.2,0,0,999,999,999,0,0,43.015507380740004,-89.45319738808,17.269628,43.0155091359,-89.45284980670002,18.46182
2025-06-10 22:49:36.900000-05:00,,,43.0155063164,-89.4532304506,,,,,17.30012,,,,,,,,,Track 5,POINTZ(-89.452883885 43.015508283 281.6491),43.015508283,-89.452883885,281.6491,0,0,9901,18.3945,268.2,0,0,999,999,999,0,0,43.01550690878,-89.45321905776,17.281626,43.0155085686,-89.4528724075,18.42499
2025-06-10 22:49:37-05:00,Track 5,POINTZ(-89.453252296 43.015505794 273.5137),43.015505794,-89.453252296,273.5137,0.0,0.0,1.0,17.3208,267.7,1.446,2.199,1.0,0.6,0.8,26.0,26.0,Track 5,POINTZ(-89.452906399 43.015507717 281.6182),43.015507717,-89.452906399,281.6182,0,0,9901,18.3914,268.0,0,0,999,999,999,0,0,43.0155065304,-89.4532406293,17.293799999999997,43.0155080113,-89.4528949525,18.384149999999998
2025-06-10 22:49:37.100000-05:00,,,43.0155057468,-89.4532733974,,,,,17.32482,,,,,,,,,Track 5,POINTZ(-89.452928877 43.01550714 281.5719),43.01550714,-89.452928877,281.5719,0,0,9901,18.3646,268.0,0,0,999,999,999,0,0,43.0155062456,-89.4532621027,17.30615,43.01550746,-89.4529174464,18.338620000000002
2025-06-10 22:49:37.200000-05:00,,,43.0155056996,-89.4532944988,,,,,17.32884,,,,,,,,,Track 5,POINTZ(-89.452951335 43.015506595 281.529),43.015506595,-89.452951335,281.529,0,0,9901,18.3333,267.9,0,0,999,999,999,0,0,43.01550597906,-89.45328347588,17.315084,43.0155069072,-89.4529398901,18.29381
2025-06-10 22:49:37.300000-05:00,,,43.0155056524,-89.4533156002,,,,,17.33286,,,,,,,,,Track 5,POINTZ(-89.452973713 43.015506011 281.502),43.015506011,-89.452973713,281.502,0,0,9901,18.2299,268.1,0,0,999,999,999,0,0,43.01550573078,-89.45330474884,17.320602,43.0155063522,-89.4529622933,18.25641
2025-06-10 22:49:37.400000-05:00,,,43.0155056052,-89.45333670160001,,,,,17.33688,,,,,,,,,Track 5,POINTZ(-89.45299597 43.015505566 281.4372),43.015505566,-89.45299597,281.4372,0,0,9901,18.1702,268.2,0,0,999,999,999,0,0,43.01550550076,-89.45332592158,17.322704,43.0155057981,-89.4529846459,18.220239999999997
2025-06-10 22:49:37.500000-05:00,Track 5,POINTZ(-89.453357803 43.015505558 273.2075),43.015505558,-89.453357803,273.2075,0.0,0.0,1.0,17.3409,268.2,1.464,2.211,1.0,0.6,0.8,26.0,26.0,Track 5,POINTZ(-89.453018232 43.015505023 281.3933),43.015505023,-89.453018232,281.3933,0,0,9901,18.1059,268.2,0,0,999,999,999,0,0,43.015505289,-89.4533469941,17.32139,43.0155052465,-89.45300695979999,18.18767
2025-06-10 22:49:37.600000-05:00,,,43.0155052182,-89.45337864620001,,,,,17.32742,,,,,,,,,Track 5,POINTZ(-89.453040458 43.015504456 281.3495),43.015504456,-89.453040458,281.3495,0,0,9901,18.0817,268.1,0,0,999,999,999,0,0,43.0155050955,-89.45336796640001,17.31666,43.0155046947,-89.45302923220001,18.15552
2025-06-10 22:49:37.700000-05:00,,,43.0155048784,-89.4533994894,,,,,17.31394,,,,,,,,,Track 5,POINTZ(-89.453062716 43.01550389 281.3057),43.01550389,-89.453062716,281.3057,0,0,9901,18.0796,268.1,0,0,999,999,999,0,0,43.015504911840004,-89.45338892774001,17.312896000000002,43.015504142000005,-89.45305146320001,18.11972
2025-06-10 22:49:37.800000-05:00,,,43.0155045386,-89.4534203326,,,,,17.30046,,,,,,,,,Track 5,POINTZ(-89.453084874 43.0155033 281.2689),43.0155033,-89.453084874,281.2689,0,0,9901,18.0513,268.0,0,0,999,999,999,0,0,43.01550473802,-89.45340987812,17.310098,43.0155035866,-89.45307365400001,18.08535
2025-06-10 22:49:37.900000-05:00,,,43.0155041988,-89.4534411758,,,,,17.28698,,,,,,,,,Track 5,POINTZ(-89.453107024 43.015502767 281.2202),43.015502767,-89.453107024,281.2202,0,0,9901,18.0688,267.9,0,0,999,999,999,0,0,43.01550457404,-89.45343081754001,17.308266,43.015503031099996,-89.453095808,18.0589
2025-06-10 22:49:38-05:00,Track 5,POINTZ(-89.453462019 43.015503859 272.9763),43.015503859,-89.453462019,272.9763,0.0,0.0,1.0,17.2735,268.7,1.382,2.126,1.0,0.6,0.8,26.0,26.0,Track 5,POINTZ(-89.453129123 43.015502199 281.1783),43.015502199,-89.453129123,281.1783,0,0,9901,18.0699,267.9,0,0,999,999,999,0,0,43.0155044199,-89.453451746,17.3074,43.01550246239999,-89.45311793670001,18.03508
2025-06-10 22:49:38.100000-05:00,,,43.0155039102,-89.4534830108,,,,,17.28718,,,,,,,,,Track 5,POINTZ(-89.453151187 43.015501613 281.1322),43.015501613,-89.453151187,281.1322,0,0,9901,18.0066,268.0,0,0,999,999,999,0,0,43.0155042756,-89.4534726635,17.307499999999997,43.0155018957,-89.45314003749999,18.016299999999998
2025-06-10 22:49:38.200000-05:00,,,43.0155039614,-89.4535040026,,,,,17.30086,,,,,,,,,Track 5,POINTZ(-89.453173243 43.015501041 281.0919),43.015501041,-89.453173243,281.0919,0,0,9901,17.9896,267.9,0,0,999,999,999,0,0,43.015504156380004,-89.45349361036,17.309298000000002,43.01550133,-89.4531621115,17.997059999999998
2025-06-10 22:49:38.300000-05:00,,,43.0155040126,-89.4535249944,,,,,17.314539999999997,,,,,,,,,Track 5,POINTZ(-89.453195253 43.015500456 281.0509),43.015500456,-89.453195253,281.0509,0,0,9901,17.9654,267.9,0,0,999,999,999,0,0,43.01550406224,-89.45351458657998,17.312794,43.0155007707,-89.4531841536,17.97592
2025-06-10 22:49:38.400000-05:00,,,43.0155040638,-89.4535459862,,,,,17.328219999999998,,,,,,,,,Track 5,POINTZ(-89.453217257 43.015499879 281.004),43.015499879,-89.453217257,281.004,0,0,9901,17.932,268.0,0,0,999,999,999,0,0,43.01550399318,-89.45353559216,17.317987999999996,43.015500217299994,-89.4532061713,17.95915
2025-06-10 22:49:38.500000-05:00,Track 5,POINTZ(-89.453566978 43.015504115 272.6415),43.015504115,-89.453566978,272.6415,0.0,0.0,1.0,17.3419,268.6,1.44,2.21,1.0,0.6,0.8,26.0,26.0,Track 5,POINTZ(-89.45323924 43.015499356 280.9543),43.015499356,-89.45323924,280.9543,0,0,9901,17.9181,268.1,0,0,999,999,999,0,0,43.0155039492,-89.4535566271,17.32488,43.0154996653,-89.4532281674,17.94182
2025-06-10 22:49:38.600000-05:00,,,43.015504026,-89.4535881148,,,,,17.345399999999998,,,,,,,,,Track 5,POINTZ(-89.453261198 43.015498799 280.9253),43.015498799,-89.453261198,280.9253,0,0,9901,17.8893,268.2,0,0,999,999,999,0,0,43.0155039303,-89.4535776914,17.33347,43.015499116,-89.45325014710001,17.92587
2025-06-10 22:49:38.700000-05:00,,,43.015503937,-89.4536092516,,,,,17.3489,,,,,,,,,Track 5,POINTZ(-89.453283137 43.015498297 280.8776),43.015498297,-89.453283137,280.8776,0,0,9901,17.8682,268.2,0,0,999,999,999,0,0,43.01550388913999,-89.45359876596,17.341412,43.0154985721,-89.4532721082,17.913469999999997
2025-06-10 22:49:38.800000-05:00,,,43.015503848,-89.4536303884,,,,,17.3524,,,,,,,,,Track 5,POINTZ(-89.453305051 43.015497766 280.8348),43.015497766,-89.453305051,280.8348,0,0,9901,17.8836,268.2,0,0,999,999,999,0,0,43.015503825719996,-89.45361985078,17.348706,43.0154980326,-89.45329405100001,17.89886
2025-06-10 22:49:38.900000-05:00,,,43.015503759,-89.4536515252,,,,,17.355900000000002,,,,,,,,,Track 5,POINTZ(-89.453326985 43.015497247 280.7975),43.015497247,-89.453326985,280.7975,0,0,9901,17.8955,268.2,0,0,999,999,999,0,0,43.01550374004,-89.45364094586,17.355352,43.0154975034,-89.4533159792,17.88595
2025-06-10 22:49:39-05:00,Track 5,POINTZ(-89.453672662 43.01550367 272.3764),43.01550367,-89.453672662,272.3764,0.0,0.0,1.0,17.3594,269.3,1.548,2.314,1.1,0.6,0.9,26.0,26.0,Track 5,POINTZ(-89.45334892 43.015496706 280.7626),43.015496706,-89.45334892,280.7626,0,0,9901,17.9104,268.1,0,0,999,999,999,0,0,43.0155036321,-89.4536620512,17.36135,43.015496979,-89.45333789399999,17.87448
2025-06-10 22:49:39.100000-05:00,,,43.0155034986,-89.4536937564,,,,,17.366600000000002,,,,,,,,,Track 5,POINTZ(-89.453370798 43.015496174 280.7125),43.015496174,-89.453370798,280.7125,0,0,9901,17.8826,268.0,0,0,999,999,999,0,0,43.0155035019,-89.4536831668,17.3667,43.0154964602,-89.4533598001,17.86471
2025-06-10 22:49:39.200000-05:00,,,43.0155033272,-89.4537148508,,,,,17.3738,,,,,,,,,Track 5,POINTZ(-89.453392671 43.015495646 280.6786),43.015495646,-89.453392671,280.6786,0,0,9901,17.8435,268.1,0,0,999,999,999,0,0,43.015503348799996,-89.45370427768,17.37166,43.0154959442,-89.4533817074,17.86173
2025-06-10 22:49:39.300000-05:00,,,43.0155031558,-89.45373594520001,,,,,17.381,,,,,,,,,Track 5,POINTZ(-89.453414535 43.015495164 280.639),43.015495164,-89.453414535,280.639,0,0,9901,17.8363,268.3,0,0,999,999,999,0,0,43.015503172799995,-89.45372538384,17.37623,43.0154954281,-89.45340360930001,17.862090000000002
2025-06-10 22:49:39.400000-05:00,,,43.0155029844,-89.4537570396,,,,,17.388199999999998,,,,,,,,,Track 5,POINTZ(-89.453436405 43.015494635 280.5973),43.015494635,-89.453436405,280.5973,0,0,9901,17.8173,268.3,0,0,999,999,999,0,0,43.0155029739,-89.45374648528,17.380409999999998,43.015494928600006,-89.4534254926,17.85402
2025-06-10 22:49:39.500000-05:00,Track 5,POINTZ(-89.453778134 43.015502813 272.1296),43.015502813,-89.453778134,272.1296,0.0,0.0,1.0,17.3954,269.6,1.459,2.214,1.1,0.6,0.9,26.0,26.0,Track 5,POINTZ(-89.453458301 43.015494168 280.5597),43.015494168,-89.453458301,280.5597,0,0,9901,17.8204,268.3,0,0,999,999,999,0,0,43.0155027521,-89.453767582,17.3842,43.015494445,-89.4534473693,17.84049
2025-06-10 22:49:39.600000-05:00,,,43.015502495,-89.4537992236,,,,,17.395,,,,,,,,,Track 5,POINTZ(-89.453480271 43.015493639 280.5225),43.015493639,-89.453480271,280.5225,0,0,9901,17.8595,268.3,0,0,999,999,999,0,0,43.0155025074,-89.453788674,17.3876,43.015493983700004,-89.4534692254,17.82115
2025-06-10 22:49:39.700000-05:00,,,43.015502177,-89.4538203132,,,,,17.3946,,,,,,,,,Track 5,POINTZ(-89.453502156 43.015493136 280.4757),43.015493136,-89.453502156,280.4757,0,0,9901,17.8718,268.3,0,0,999,999,999,0,0,43.01550224276,-89.45380977732,17.391556,43.01549354309999,-89.4534910612,17.79934
2025-06-10 22:49:39.800000-05:00,,,43.015501859,-89.45384140280001,,,,,17.394199999999998,,,,,,,,,Track 5,POINTZ(-89.453523884 43.015492771 280.3784),43.015492771,-89.453523884,280.3784,0,0,9901,17.8029,268.5,0,0,999,999,999,0,0,43.015501958179996,-89.45383089196,17.396068,43.0154931253,-89.4535128876,17.783499999999997
2025-06-10 22:49:39.900000-05:00,,,43.015501541,-89.4538624924,,,,,17.3938,,,,,,,,,Track 5,POINTZ(-89.453545752 43.015492411 280.3318),43.015492411,-89.453545752,280.3318,0,0,9901,17.7602,268.7,0,0,999,999,999,0,0,43.01550165366,-89.45385201792001,17.401136,43.0154927274,-89.4535347003,17.77316
2025-06-10 22:49:40-05:00,Track 5,POINTZ(-89.453883582 43.015501223 271.7928),43.015501223,-89.453883582,271.7928,0.0,0.0,1.0,17.3934,269.8,1.448,2.187,1.1,0.6,0.9,26.0,26.0,Track 5,POINTZ(-89.453567481 43.015492093 280.2624),43.015492093,-89.453567481,280.2624,0,0,9901,17.717,268.9,0,0,999,999,999,0,0,43.0155013292,-89.4538731552,17.40676,43.0154923514,-89.4535564902,17.76472
2025-06-10 22:49:40.100000-05:00,,,43.0155008522,-89.4539047896,,,,,17.40616,,,,,,,,,Track 5,POINTZ(-89.453589156 43.015491768 280.214),43.015491768,-89.453589156,280.214,0,0,9901,17.6645,269.2,0,0,999,999,999,0,0,43.0155009848,-89.45389430380001,17.41294,43.015491997699996,-89.4535782495,17.745060000000002
2025-06-10 22:49:40.200000-05:00,,,43.0155004814,-89.4539259972,,,,,17.41892,,,,,,,,,Track 5,POINTZ(-89.453610935 43.015491468 280.1862),43.015491468,-89.453610935,280.1862,0,0,9901,17.6851,269.2,0,0,999,999,999,0,0,43.01550065264,-89.45391546713999,17.41702,43.015491667599996,-89.45359996490001,17.71434
2025-06-10 22:49:40.300000-05:00,,,43.0155001106,-89.4539472048,,,,,17.43168,,,,,,,,,Track 5,POINTZ(-89.453632662 43.015491185 280.1444),43.015491185,-89.453632662,280.1444,0,0,9901,17.7329,269.0,0,0,999,999,999,0,0,43.01550033272,-89.45393664522001,17.419,43.015491368,-89.4536216452,17.68008
2025-06-10 22:49:40.400000-05:00,,,43.0154997398,-89.4539684124,,,,,17.44444,,,,,,,,,Track 5,POINTZ(-89.453654304 43.015490875 280.0875),43.015490875,-89.453654304,280.0875,0,0,9901,17.7329,268.9,0,0,999,999,999,0,0,43.01550002504,-89.45395783804,17.41888,43.0154910832,-89.4536432987,17.648490000000002
2025-06-10 22:49:40.500000-05:00,Track 5,POINTZ(-89.45398962 43.015499369 271.4833),43.015499369,-89.45398962,271.4833,0.0,0.0,1.0,17.4572,269.0,1.592,2.31,1.1,0.6,0.9,26.0,26.0,Track 5,POINTZ(-89.453675894 43.015490631 280.0452),43.015490631,-89.453675894,280.0452,0,0,9901,17.6238,268.7,0,0,999,999,999,0,0,43.0154997296,-89.4539790456,17.41666,43.0154908205,-89.4536649141,17.61777
2025-06-10 22:49:40.600000-05:00,,,43.0154991734,-89.454010857,,,,,17.4358,,,,,,,,,Track 5,POINTZ(-89.453697425 43.015490338 279.9998),43.015490338,-89.453697425,279.9998,0,0,9901,17.5523,268.7,0,0,999,999,999,0,0,43.0154994464,-89.4540002679,17.41234,43.015490575899996,-89.4536864927,17.592660000000002
2025-06-10 22:49:40.700000-05:00,,,43.0154989778,-89.454032094,,,,,17.4144,,,,,,,,,Track 5,POINTZ(-89.453718959 43.01549014 279.966),43.01549014,-89.453718959,279.966,0,0,9901,17.5292,269.1,0,0,999,999,999,0,0,43.01549918046,-89.45402147412,17.408502,43.0154903548,-89.45370805569999,17.57892
2025-06-10 22:49:40.800000-05:00,,,43.0154987822,-89.454053331,,,,,17.393,,,,,,,,,Track 5,POINTZ(-89.453740419 43.015489923 279.9319),43.015489923,-89.453740419,279.9319,0,0,9901,17.487,269.4,0,0,999,999,999,0,0,43.01549893178,-89.45404266426,17.405146000000002,43.0154901565,-89.4537295836,17.5623
2025-06-10 22:49:40.900000-05:00,,,43.0154985866,-89.454074568,,,,,17.3716,,,,,,,,,Track 5,POINTZ(-89.453761906 43.015489784 279.8956),43.015489784,-89.453761906,279.8956,0,0,9901,17.453,269.4,0,0,999,999,999,0,0,43.01549870036,-89.45406383832,17.402272000000004,43.015489980400005,-89.45375107800001,17.53478
2025-06-10 22:49:41-05:00,Track 5,POINTZ(-89.454095805 43.015498391 271.3721),43.015498391,-89.454095805,271.3721,0.0,0.0,1.0,17.3502,269.9,1.595,2.309,1.1,0.6,0.9,26.0,26.0,Track 5,POINTZ(-89.453783267 43.015489647 279.852),43.015489647,-89.453783267,279.852,0,0,9901,17.4659,269.5,0,0,999,999,999,0,0,43.0154984862,-89.4540849963,17.39988,43.0154898307,-89.4537725399,17.50021
2025-06-10 22:49:41.100000-05:00,,,43.0154981928,-89.4541168518,,,,,17.36778,,,,,,,,,Track 5,POINTZ(-89.453804786 43.015489557 279.8204),43.015489557,-89.453804786,279.8204,0,0,9901,17.5271,269.6,0,0,999,999,999,0,0,43.0154982893,-89.45410613819999,17.397969999999997,43.015489697,-89.45379397069999,17.47074
2025-06-10 22:49:41.200000-05:00,,,43.0154979946,-89.4541378986,,,,,17.38536,,,,,,,,,Track 5,POINTZ(-89.453826214 43.015489485 279.7711),43.015489485,-89.453826214,279.7711,0,0,9901,17.5189,269.7,0,0,999,999,999,0,0,43.01549810272,-89.45412727525999,17.398344,43.0154895883,-89.4538153709,17.43874
2025-06-10 22:49:41.300000-05:00,,,43.0154977964,-89.4541589454,,,,,17.40294,,,,,,,,,Track 5,POINTZ(-89.453847606 43.015489424 279.7179),43.015489424,-89.453847606,279.7179,0,0,9901,17.4577,269.8,0,0,999,999,999,0,0,43.01549792646,-89.45414840748,17.401002,43.0154895001,-89.4538367441,17.410239999999998
2025-06-10 22:49:41.400000-05:00,,,43.0154975982,-89.4541799922,,,,,17.42052,,,,,,,,,Track 5,POINTZ(-89.453868923 43.015489378 279.6763),43.015489378,-89.453868923,279.6763,0,0,9901,17.3872,269.8,0,0,999,999,999,0,0,43.01549776052,-89.45416953486,17.405943999999998,43.015489433599996,-89.4538580989,17.3945
2025-06-10 22:49:41.500000-05:00,Track 5,POINTZ(-89.454201039 43.0154974 271.2887),43.0154974,-89.454201039,271.2887,0.0,0.0,1.0,17.4381,269.3,1.632,2.319,1.1,0.6,0.9,26.0,26.0,Track 5,POINTZ(-89.453890202 43.015489294 279.6305),43.015489294,-89.453890202,279.6305,0,0,9901,17.3291,269.8,0,0,999,999,999,0,0,43.0154976049,-89.4541906574,17.41317,43.015489380999995,-89.45387943770001,17.389819999999997
2025-06-10 22:49:41.600000-05:00,,,43.0154973076,-89.4542222276,,,,,17.439539999999997,,,,,,,,,Track 5,POINTZ(-89.453911427 43.015489251 279.5957),43.015489251,-89.453911427,279.5957,0,0,9901,17.2323,269.9,0,0,999,999,999,0,0,43.0154974596,-89.45421177509999,17.42268,43.015489345999995,-89.4539007646,17.38293
2025-06-10 22:49:41.700000-05:00,,,43.0154972152,-89.4542434162,,,,,17.44098,,,,,,,,,Track 5,POINTZ(-89.453932691 43.015489258 279.5716),43.015489258,-89.453932691,279.5716,0,0,9901,17.2442,269.9,0,0,999,999,999,0,0,43.01549733085999,-89.45423292301999,17.430432000000003,43.015489322600004,-89.4539220632,17.36462
2025-06-10 22:49:41.800000-05:00,,,43.0154971228,-89.4542646048,,,,,17.44242,,,,,,,,,Track 5,POINTZ(-89.453953967 43.015489258 279.5442),43.015489258,-89.453953967,279.5442,0,0,9901,17.3296,270.0,0,0,999,999,999,0,0,43.015497218680004,-89.45425410116,17.436425999999997,43.0154893158,-89.4539433368,17.34219
2025-06-10 22:49:41.900000-05:00,,,43.0154970304,-89.4542857934,,,,,17.44386,,,,,,,,,Track 5,POINTZ(-89.453975294 43.015489258 279.5214),43.015489258,-89.453975294,279.5214,0,0,9901,17.4062,270.1,0,0,999,999,999,0,0,43.01549712306,-89.45427530952,17.440661999999996,43.0154893202,-89.4539645915,17.3178
2025-06-10 22:49:42-05:00,Track 5,POINTZ(-89.454306982 43.015496938 271.134),43.015496938,-89.454306982,271.134,0.0,0.0,1.0,17.4453,269.7,1.63,2.32,1.1,0.6,0.9,26.0,26.0,Track 5,POINTZ(-89.453996536 43.015489297 279.4863),43.015489297,-89.453996536,279.4863,0,0,9901,17.397,270.0,0,0,999,999,999,0,0,43.015497044,-89.45429654810002,17.44314,43.0154893314,-89.4539858235,17.29614
2025-06-10 22:49:42.100000-05:00,,,43.0154969054,-89.454328331,,,,,17.4453,,,,,,,,,Track 5,POINTZ(-89.454017772 43.015489323 279.4426),43.015489323,-89.454017772,279.4426,0,0,9901,17.344,270.0,0,0,999,999,999,0,0,43.0154969815,-89.4543178169,17.443859999999997,43.0154893583,-89.4540070424,17.28024
2025-06-10 22:49:42.200000-05:00,,,43.0154968728,-89.45434968,,,,,17.4453,,,,,,,,,Track 5,POINTZ(-89.45403895 43.015489417 279.4011),43.015489417,-89.45403895,279.4011,0,0,9901,17.2946,270.1,0,0,999,999,999,0,0,43.01549690956,-89.45433912842,17.44491,43.0154893949,-89.4540282556,17.27757
2025-06-10 22:49:42.300000-05:00,,,43.0154968402,-89.454371029,,,,,17.4453,,,,,,,,,Track 5,POINTZ(-89.454060153 43.015489468 279.3526),43.015489468,-89.454060153,279.3526,0,0,9901,17.2138,270.2,0,0,999,999,999,0,0,43.01549682818,-89.45436048266001,17.446289999999998,43.015489434,-89.4540494508,17.27273
2025-06-10 22:49:42.400000-05:00,,,43.0154968076,-89.45439237800001,,,,,17.4453,,,,,,,,,Track 5,POINTZ(-89.454081243 43.01548949 279.3196),43.01548949,-89.454081243,279.3196,0,0,9901,17.1706,270.4,0,0,999,999,999,0,0,43.01549673736,-89.45438187962,17.448,43.0154894839,-89.4540706289,17.261
2025-06-10 22:49:42.500000-05:00,Track 5,POINTZ(-89.454413727 43.015496775 271.0155),43.015496775,-89.454413727,271.0155,0.0,0.0,1.0,17.4453,270.2,1.55,2.303,1.1,0.6,0.9,26.0,26.0,Track 5,POINTZ(-89.454102391 43.015489563 279.2826),43.015489563,-89.454102391,279.2826,0,0,9901,17.1701,270.4,0,0,999,999,999,0,0,43.0154966371,-89.4544033193,17.450039999999998,43.0154895458,-89.45409178119999,17.23898
2025-06-10 22:49:42.600000-05:00,,,43.0154965882,-89.4544353428,,,,,17.45004,,,,,,,,,Track 5,POINTZ(-89.454123559 43.015489617 279.2534),43.015489617,-89.454123559,279.2534,0,0,9901,17.2056,270.3,0,0,999,999,999,0,0,43.0154965274,-89.4544248017,17.452409999999997,43.0154896128,-89.4541129146,17.214229999999997
2025-06-10 22:49:42.700000-05:00,,,43.0154964014,-89.4544569586,,,,,17.45478,,,,,,,,,Track 5,POINTZ(-89.454144643 43.015489649 279.2289),43.015489649,-89.454144643,279.2289,0,0,9901,17.1958,270.1,0,0,999,999,999,0,0,43.015496393940005,-89.45444629604,17.453236,43.015489684100004,-89.4541340249,17.194319999999998
2025-06-10 22:49:42.800000-05:00,,,43.015496214600006,-89.4544785744,,,,,17.45952,,,,,,,,,Track 5,POINTZ(-89.454165748 43.015489757 279.1875),43.015489757,-89.454165748,279.1875,0,0,9901,17.2123,270.1,0,0,999,999,999,0,0,43.015496236720004,-89.45446780232001,17.452518,43.015489756,-89.4541551181,17.17765
2025-06-10 22:49:42.900000-05:00,,,43.015496027800005,-89.45450019020001,,,,,17.46426,,,,,,,,,Track 5,POINTZ(-89.454186817 43.015489877 279.1366),43.015489877,-89.454186817,279.1366,0,0,9901,17.186,270.2,0,0,999,999,999,0,0,43.01549605574,-89.45448932054,17.450256000000003,43.0154898279,-89.4541761916,17.16603
2025-06-10 22:49:43-05:00,Track 5,POINTZ(-89.454521806 43.015495841 270.8639),43.015495841,-89.454521806,270.8639,0.0,0.0,1.0,17.469,270.3,1.563,2.312,1.0,0.6,0.8,26.0,26.0,Track 5,POINTZ(-89.45420787 43.015489967 279.1122),43.015489967,-89.45420787,279.1122,0,0,9901,17.1495,270.4,0,0,999,999,999,0,0,43.015495851000004,-89.4545108507,17.446450000000002,43.0154899057,-89.4541972516,17.155179999999998
2025-06-10 22:49:43.100000-05:00,,,43.015495570800006,-89.4545432744,,,,,17.45356,,,,,,,,,Track 5,POINTZ(-89.454228875 43.015490036 279.0745),43.015490036,-89.454228875,279.0745,0,0,9901,17.1449,270.4,0,0,999,999,999,0,0,43.015495622500005,-89.4545323928,17.4411,43.015489979799995,-89.4542182938,17.14417
2025-06-10 22:49:43.200000-05:00,,,43.0154953006,-89.4545647428,,,,,17.43812,,,,,,,,,Track 5,POINTZ(-89.454249882 43.015490136 279.0408),43.015490136,-89.454249882,279.0408,0,0,9901,17.1279,270.4,0,0,999,999,999,0,0,43.015495390480005,-89.45455390132,17.43466,43.015490056500006,-89.45423931090001,17.12724
2025-06-10 22:49:43.300000-05:00,,,43.0154950304,-89.4545862112,,,,,17.42268,,,,,,,,,Track 5,POINTZ(-89.454270888 43.015490187 278.9936),43.015490187,-89.454270888,278.9936,0,0,9901,17.0976,270.2,0,0,999,999,999,0,0,43.015495154940005,-89.45457537626001,17.42713,43.0154901398,-89.4542603084,17.110570000000003
2025-06-10 22:49:43.400000-05:00,,,43.0154947602,-89.4546076796,,,,,17.40724,,,,,,,,,Track 5,POINTZ(-89.454291843 43.015490268 278.969),43.015490268,-89.454291843,278.969,0,0,9901,17.0621,270.2,0,0,999,999,999,0,0,43.015494915880005,-89.45459681762,17.41851,43.0154902173,-89.454281289,17.09153
2025-06-10 22:49:43.500000-05:00,Track 5,POINTZ(-89.454629148 43.01549449 271.1439),43.01549449,-89.454629148,271.1439,0.0,0.0,1.0,17.3918,270.5,1.522,2.304,1.1,0.6,0.9,26.0,26.0,Track 5,POINTZ(-89.454312813 43.015490304 278.9327),43.015490304,-89.454312813,278.9327,0,0,9901,17.06,270.1,0,0,999,999,999,0,0,43.015494673300005,-89.45461822540001,17.408800000000003,43.0154902891,-89.4543022494,17.07528
2025-06-10 22:49:43.600000-05:00,,,43.015494268000005,-89.454650428,,,,,17.38564,,,,,,,,,Track 5,POINTZ(-89.45433373 43.015490384 278.9005),43.015490384,-89.45433373,278.9005,0,0,9901,17.0363,270.2,0,0,999,999,999,0,0,43.015494427200004,-89.4546395996,17.398000000000003,43.0154903563,-89.45432319689999,17.06602
2025-06-10 22:49:43.700000-05:00,,,43.015494046,-89.45467170799999,,,,,17.37948,,,,,,,,,Track 5,POINTZ(-89.454354618 43.015490482 278.8562),43.015490482,-89.454354618,278.8562,0,0,9901,17.0291,270.3,0,0,999,999,999,0,0,43.01549419586,-89.45466095987999,17.390914000000002,43.0154904267,-89.45434412739999,17.05197
2025-06-10 22:49:43.800000-05:00,,,43.015493824,-89.454692988,,,,,17.37332,,,,,,,,,Track 5,POINTZ(-89.454375554 43.015490532 278.8237),43.015490532,-89.454375554,278.8237,0,0,9901,17.0219,270.3,0,0,999,999,999,0,0,43.01549397928,-89.45468230623999,17.387542000000003,43.0154904869,-89.4543650416,17.034429999999997
2025-06-10 22:49:43.900000-05:00,,,43.015493602,-89.454714268,,,,,17.367160000000002,,,,,,,,,Track 5,POINTZ(-89.454396421 43.015490595 278.7932),43.015490595,-89.454396421,278.7932,0,0,9901,17.0235,270.4,0,0,999,999,999,0,0,43.01549377746001,-89.45470363868,17.387884,43.01549055299999,-89.4543859368,17.01951
2025-06-10 22:49:44-05:00,Track 5,POINTZ(-89.454735548 43.01549338 271.4095),43.01549338,-89.454735548,271.4095,0.0,0.0,1.0,17.361,270.4,1.365,2.165,1.0,0.6,0.8,26.0,26.0,Track 5,POINTZ(-89.454417345 43.015490639 278.7693),43.015490639,-89.454417345,278.7693,0,0,9901,17.0569,270.3,0,0,999,999,999,0,0,43.0154935904,-89.4547249572,17.391939999999998,43.0154906203,-89.4544068215,17.00865
2025-06-10 22:49:44.100000-05:00,,,43.0154932574,-89.4547568772,,,,,17.3827,,,,,,,,,Track 5,POINTZ(-89.45443818 43.01549074 278.7397),43.01549074,-89.45443818,278.7397,0,0,9901,17.0044,270.3,0,0,999,999,999,0,0,43.0154934181,-89.4547462618,17.399710000000002,43.0154907029,-89.4544276813,16.998359999999998
2025-06-10 22:49:44.200000-05:00,,,43.0154931348,-89.4547782064,,,,,17.4044,,,,,,,,,Track 5,POINTZ(-89.454459024 43.015490738 278.7211),43.015490738,-89.454459024,278.7211,0,0,9901,16.9525,270.2,0,0,999,999,999,0,0,43.01549325278,-89.45476756122,17.406974,43.015490787,-89.4544485326,16.9908
2025-06-10 22:49:44.300000-05:00,,,43.0154930122,-89.4547995356,,,,,17.4261,,,,,,,,,Track 5,POINTZ(-89.45447984 43.015490848 278.698),43.015490848,-89.45447984,278.698,0,0,9901,16.9484,270.4,0,0,999,999,999,0,0,43.015493094440004,-89.45478885546001,17.413732000000003,43.0154908724,-89.4544693726,16.98458
2025-06-10 22:49:44.400000-05:00,,,43.0154928896,-89.4548208648,,,,,17.4478,,,,,,,,,Track 5,POINTZ(-89.45450069 43.015490941 278.6764),43.015490941,-89.45450069,278.6764,0,0,9901,16.9535,270.4,0,0,999,999,999,0,0,43.01549294308,-89.45481014452,17.419984,43.0154909572,-89.4544902035,16.97892
2025-06-10 22:49:44.500000-05:00,Track 5,POINTZ(-89.454842194 43.015492767 271.4763),43.015492767,-89.454842194,271.4763,0.0,0.0,1.0,17.4695,270.5,1.356,2.139,1.0,0.6,0.8,26.0,26.0,Track 5,POINTZ(-89.454521411 43.01549113 278.6502),43.01549113,-89.454521411,278.6502,0,0,9901,16.9571,270.4,0,0,999,999,999,0,0,43.0154927987,-89.4548314284,17.425729999999998,43.0154910396,-89.45451102550001,16.972019999999997
2025-06-10 22:49:44.600000-05:00,,,43.0154926148,-89.45486342219999,,,,,17.45828,,,,,,,,,Track 5,POINTZ(-89.454542243 43.015491225 278.6274),43.015491225,-89.454542243,278.6274,0,0,9901,16.9607,270.4,0,0,999,999,999,0,0,43.0154926613,-89.4548527071,17.43097,43.0154911231,-89.45453183320001,16.962200000000003
2025-06-10 22:49:44.700000-05:00,,,43.0154924626,-89.45488465039999,,,,,17.44706,,,,,,,,,Track 5,POINTZ(-89.454563018 43.015491336 278.6043),43.015491336,-89.454563018,278.6043,0,0,9901,16.9669,270.4,0,0,999,999,999,0,0,43.0154924899,-89.45487399395999,17.43329,43.01549119920001,-89.4545526425,16.95948
2025-06-10 22:49:44.800000-05:00,,,43.0154923104,-89.4549058786,,,,,17.43584,,,,,,,,,Track 5,POINTZ(-89.454583863 43.01549138 278.5775),43.01549138,-89.454583863,278.5775,0,0,9901,16.9653,270.3,0,0,999,999,999,0,0,43.0154922845,-89.45489528898,17.43269,43.0154912771,-89.4545734405,16.95722
2025-06-10 22:49:44.900000-05:00,,,43.0154921582,-89.4549271068,,,,,17.42462,,,,,,,,,Track 5,POINTZ(-89.454604641 43.015491419 278.5516),43.015491419,-89.454604641,278.5516,0,0,9901,16.9545,270.1,0,0,999,999,999,0,0,43.015492045100004,-89.45491659216,17.42917,43.015491345499996,-89.45459423,16.950989999999997
2025-06-10 22:49:45-05:00,Track 5,POINTZ(-89.454948335 43.015492006 271.4295),43.015492006,-89.454948335,271.4295,0.0,0.0,1.0,17.4134,270.8,1.32,2.068,1.0,0.6,0.8,26.0,26.0,Track 5,POINTZ(-89.454625422 43.015491474 278.5339),43.015491474,-89.454625422,278.5339,0,0,9901,16.9587,270.1,0,0,999,999,999,0,0,43.0154917717,-89.4549379035,17.42273,43.0154914069,-89.4546150158,16.94616
2025-06-10 22:49:45.100000-05:00,,,43.0154915434,-89.4549697458,,,,,17.4059,,,,,,,,,Track 5,POINTZ(-89.454646273 43.015491501 278.5154),43.015491501,-89.454646273,278.5154,0,0,9901,16.9772,270.0,0,0,999,999,999,0,0,43.0154914643,-89.45495922299999,17.413369999999997,43.0154914516,-89.4546357961,16.94076
2025-06-10 22:49:45.200000-05:00,,,43.0154910808,-89.4549911566,,,,,17.3984,,,,,,,,,Track 5,POINTZ(-89.454667004 43.015491517 278.48),43.015491517,-89.454667004,278.48,0,0,9901,16.9299,269.9,0,0,999,999,999,0,0,43.01549119072,-89.45498055947999,17.406428,43.0154914884,-89.4546565664,16.93227
2025-06-10 22:49:45.300000-05:00,,,43.0154906182,-89.45501256739999,,,,,17.390900000000002,,,,,,,,,Track 5,POINTZ(-89.454687735 43.015491532 278.4428),43.015491532,-89.454687735,278.4428,0,0,9901,16.8861,270.1,0,0,999,999,999,0,0,43.01549095096,-89.45500191293999,17.401904,43.0154915193,-89.4546773336,16.9245
2025-06-10 22:49:45.400000-05:00,,,43.0154901556,-89.45503397819999,,,,,17.3834,,,,,,,,,Track 5,POINTZ(-89.454708548 43.015491555 278.4239),43.015491555,-89.454708548,278.4239,0,0,9901,16.9052,270.1,0,0,999,999,999,0,0,43.01549074502,-89.45502328338,17.399798,43.0154915456,-89.4546980881,16.91797
2025-06-10 22:49:45.500000-05:00,Track 5,POINTZ(-89.455055389 43.015489693 271.0888),43.015489693,-89.455055389,271.0888,0.0,0.0,1.0,17.3759,270.1,1.245,2.032,1.0,0.6,0.8,26.0,26.0,Track 5,POINTZ(-89.454729214 43.015491577 278.3991),43.015491577,-89.454729214,278.3991,0,0,9901,16.9031,270.1,0,0,999,999,999,0,0,43.0154905729,-89.45504467079999,17.40011,43.0154915671,-89.4547188375,16.91628
2025-06-10 22:49:45.600000-05:00,,,43.015489879,-89.455076787,,,,,17.38886,,,,,,,,,Track 5,POINTZ(-89.454749946 43.015491593 278.3809),43.015491593,-89.454749946,278.3809,0,0,9901,16.8758,270.1,0,0,999,999,999,0,0,43.015490434600004,-89.4550660752,17.40284,43.015491580399996,-89.45473958099998,16.912829999999996
2025-06-10 22:49:45.700000-05:00,,,43.015490065,-89.455098185,,,,,17.40182,,,,,,,,,Track 5,POINTZ(-89.45477069 43.015491645 278.3712),43.015491645,-89.45477069,278.3712,0,0,9901,16.8892,270.0,0,0,999,999,999,0,0,43.0154903528,-89.45508748834,17.406412,43.0154915913,-89.4547603041,16.90655
2025-06-10 22:49:45.800000-05:00,,,43.015490251,-89.455119583,,,,,17.41478,,,,,,,,,Track 5,POINTZ(-89.454791408 43.015491643 278.3599),43.015491643,-89.454791408,278.3599,0,0,9901,16.9,270.0,0,0,999,999,999,0,0,43.0154903275,-89.45510891021999,17.410826,43.0154916004,-89.45478102730002,16.89939
2025-06-10 22:49:45.900000-05:00,,,43.015490437,-89.455140981,,,,,17.42774,,,,,,,,,Track 5,POINTZ(-89.454812135 43.015491634 278.3505),43.015491634,-89.454812135,278.3505,0,0,9901,16.9376,270.0,0,0,999,999,999,0,0,43.015490358700006,-89.45513034083999,17.416082,43.0154916061,-89.45480174830001,16.89466
2025-06-10 22:49:46-05:00,Track 5,POINTZ(-89.455162379 43.015490623 270.826),43.015490623,-89.455162379,270.826,0.0,0.0,1.0,17.4407,270.4,1.302,2.065,1.0,0.6,0.8,26.0,26.0,Track 5,POINTZ(-89.454832857 43.015491607 278.3392),43.015491607,-89.454832857,278.3392,0,0,9901,16.9242,269.9,0,0,999,999,999,0,0,43.0154904464,-89.4551517802,17.422180000000004,43.015491609899996,-89.454822457,16.887449999999998
2025-06-10 22:49:46.100000-05:00,,,43.0154907254,-89.4551838772,,,,,17.44162,,,,,,,,,Track 5,POINTZ(-89.454853504 43.01549161 278.3252),43.01549161,-89.454853504,278.3252,0,0,9901,16.9144,269.8,0,0,999,999,999,0,0,43.0154905906,-89.45517322829998,17.42912,43.0154916067,-89.45484316790001,16.885550000000002
2025-06-10 22:49:46.200000-05:00,,,43.0154908278,-89.4552053754,,,,,17.44254,,,,,,,,,Track 5,POINTZ(-89.454874236 43.015491608 278.3145),43.015491608,-89.454874236,278.3145,0,0,9901,16.8583,270.0,0,0,999,999,999,0,0,43.0154907174,-89.45519467381999,17.434558,43.0154916006,-89.4548638777,16.89023
2025-06-10 22:49:46.300000-05:00,,,43.0154909302,-89.4552268736,,,,,17.443459999999998,,,,,,,,,Track 5,POINTZ(-89.454894945 43.015491589 278.3141),43.015491589,-89.454894945,278.3141,0,0,9901,16.8388,270.0,0,0,999,999,999,0,0,43.0154908268,-89.45521611676,17.438494,43.015491584299994,-89.4548845819,16.89255
2025-06-10 22:49:46.400000-05:00,,,43.0154910326,-89.4552483718,,,,,17.44438,,,,,,,,,Track 5,POINTZ(-89.454915635 43.015491593 278.3126),43.015491593,-89.454915635,278.3126,0,0,9901,16.8331,270.1,0,0,999,999,999,0,0,43.0154909188,-89.45523755712,17.440928,43.0154915671,-89.4549052861,16.89163
2025-06-10 22:49:46.500000-05:00,Track 5,POINTZ(-89.45526987 43.015491135 270.7914),43.015491135,-89.45526987,270.7914,0.0,0.0,1.0,17.4453,270.5,1.289,2.053,1.0,0.6,0.8,26.0,26.0,Track 5,POINTZ(-89.454936323 43.015491545 278.3083),43.015491545,-89.454936323,278.3083,0,0,9901,16.8841,269.9,0,0,999,999,999,0,0,43.0154909934,-89.4552589949,17.44186,43.0154915509,-89.4549259859,16.88715
2025-06-10 22:49:46.600000-05:00,,,43.015491147,-89.45529124219999,,,,,17.44324,,,,,,,,,Track 5,POINTZ(-89.454957044 43.015491532 278.2997),43.015491532,-89.454957044,278.2997,0,0,9901,16.9226,269.8,0,0,999,999,999,0,0,43.0154910506,-89.45528043009999,17.441290000000002,43.0154915464,-89.45494667569999,16.88056
2025-06-10 22:49:46.700000-05:00,,,43.015491159,-89.4553126144,,,,,17.44118,,,,,,,,,Track 5,POINTZ(-89.454977732 43.015491482 278.2984),43.015491482,-89.454977732,278.2984,0,0,9901,16.9124,269.7,0,0,999,999,999,0,0,43.01549110102,-89.45530186022,17.439302,43.015491567,-89.4549673359,16.873820000000002
2025-06-10 22:49:46.800000-05:00,,,43.015491171,-89.4553339866,,,,,17.43912,,,,,,,,,Track 5,POINTZ(-89.45499845 43.015491471 278.295),43.015491471,-89.45499845,278.295,0,0,9901,16.8908,269.9,0,0,999,999,999,0,0,43.015491144660004,-89.45532328526,17.435896,43.0154915904,-89.454987988,16.87182
2025-06-10 22:49:46.900000-05:00,,,43.015491183,-89.4553553588,,,,,17.43706,,,,,,,,,Track 5,POINTZ(-89.455019133 43.015491472 278.2984),43.015491472,-89.455019133,278.2984,0,0,9901,16.8928,269.9,0,0,999,999,999,0,0,43.01549118152,-89.45534470521999,17.431072,43.015491618,-89.45500863779999,16.87393
2025-06-10 22:49:47-05:00,Track 5,POINTZ(-89.455376731 43.015491195 270.668),43.015491195,-89.455376731,270.668,0.0,0.0,1.0,17.435,270.4,1.28,2.083,1.0,0.6,0.9,26.0,26.0,Track 5,POINTZ(-89.455039755 43.015491562 278.2879),43.015491562,-89.455039755,278.2879,0,0,9901,16.8583,270.0,0,0,999,999,999,0,0,43.0154912116,-89.4553661201,17.424829999999996,43.0154916516,-89.4550292778,16.87383
2025-06-10 22:49:47.100000-05:00,,,43.0154912296,-89.4553981784,,,,,17.42174,,,,,,,,,Track 5,POINTZ(-89.455060106 43.015491816 278.1353),43.015491816,-89.455060106,278.1353,0,0,9901,16.847,270.3,0,0,999,999,999,0,0,43.015491234900004,-89.4553875299,17.417170000000002,43.0154916959,-89.4550499169,16.86873
2025-06-10 22:49:47.200000-05:00,,,43.0154912642,-89.4554196258,,,,,17.40848,,,,,,,,,Track 5,POINTZ(-89.455080757 43.015491842 278.1416),43.015491842,-89.455080757,278.1416,0,0,9901,16.8383,270.3,0,0,999,999,999,0,0,43.01549127346,-89.45540893416,17.411906,43.015491750399995,-89.4550705512,16.86092
2025-06-10 22:49:47.300000-05:00,,,43.0154912988,-89.45544107319999,,,,,17.39522,,,,,,,,,Track 5,POINTZ(-89.455101443 43.015491865 278.1429),43.015491865,-89.455101443,278.1429,0,0,9901,16.8599,270.3,0,0,999,999,999,0,0,43.01549132728,-89.45543033288001,17.409038000000002,43.0154918109,-89.4550911863,16.855150000000002
2025-06-10 22:49:47.400000-05:00,,,43.0154913334,-89.4554625206,,,,,17.38196,,,,,,,,,Track 5,POINTZ(-89.455122035 43.015491929 278.1562),43.015491929,-89.455122035,278.1562,0,0,9901,16.8321,270.2,0,0,999,999,999,0,0,43.01549139636,-89.45545172605999,17.408566,43.0154918749,-89.4551118177,16.85144
2025-06-10 22:49:47.500000-05:00,Track 5,POINTZ(-89.455483968 43.015491368 270.637),43.015491368,-89.455483968,270.637,0.0,0.0,1.0,17.3687,270.7,1.38,2.166,1.0,0.6,0.9,26.0,26.0,Track 5,POINTZ(-89.455142714 43.015491988 278.1753),43.015491988,-89.455142714,278.1753,0,0,9901,16.8331,270.2,0,0,999,999,999,0,0,43.0154914807,-89.45547311370001,17.41049,43.0154919414,-89.4551324498,16.8482
2025-06-10 22:49:47.600000-05:00,,,43.0154915326,-89.4555052848,,,,,17.3906,,,,,,,,,Track 5,POINTZ(-89.455163387 43.015492077 278.1833),43.015492077,-89.455163387,278.1833,0,0,9901,16.8445,270.2,0,0,999,999,999,0,0,43.0154915803,-89.4554944958,17.41481,43.015492003400006,-89.45515306960002,16.84074
2025-06-10 22:49:47.700000-05:00,,,43.0154916972,-89.4555266016,,,,,17.4125,,,,,,,,,Track 5,POINTZ(-89.455184083 43.015492087 278.2014),43.015492087,-89.455184083,278.2014,0,0,9901,16.8547,270.2,0,0,999,999,999,0,0,43.01549168204,-89.45551588312,17.418594,43.015492051,-89.45517371540001,16.826900000000002
2025-06-10 22:49:47.800000-05:00,,,43.0154918618,-89.4555479184,,,,,17.4344,,,,,,,,,Track 5,POINTZ(-89.455204764 43.015492111 278.2031),43.015492111,-89.455204764,278.2031,0,0,9901,16.8537,270.0,0,0,999,999,999,0,0,43.01549178592,-89.45553727566,17.421842,43.0154921064,-89.4551943604,16.81435
2025-06-10 22:49:47.900000-05:00,,,43.0154920264,-89.4555692352,,,,,17.456300000000002,,,,,,,,,Track 5,POINTZ(-89.455225454 43.015492137 278.1933),43.015492137,-89.455225454,278.1933,0,0,9901,16.8604,270.1,0,0,999,999,999,0,0,43.01549189194,-89.45555867342,17.424554,43.015492160899996,-89.4552150014,16.806530000000002
2025-06-10 22:49:48-05:00,Track 5,POINTZ(-89.455590552 43.015492191 270.5591),43.015492191,-89.455590552,270.5591,0.0,0.0,1.0,17.4782,270.5,1.361,2.165,1.0,0.6,0.9,26.0,26.0,Track 5,POINTZ(-89.455245953 43.015492182 278.1758),43.015492182,-89.455245953,278.1758,0,0,9901,16.7837,270.2,0,0,999,999,999,0,0,43.0154920001,-89.4555800764,17.42673,43.0154922098,-89.4552356465,16.80658
2025-06-10 22:49:48.100000-05:00,,,43.015492247,-89.4556120516,,,,,17.459580000000003,,,,,,,,,Track 5,POINTZ(-89.455266564 43.015492292 278.1633),43.015492292,-89.455266564,278.1633,0,0,9901,16.7086,270.3,0,0,999,999,999,0,0,43.0154921104,-89.4556014846,17.42837,43.015492255699996,-89.4552562791,16.808690000000002
2025-06-10 22:49:48.200000-05:00,,,43.015492303,-89.4556335512,,,,,17.44096,,,,,,,,,Track 5,POINTZ(-89.455287207 43.015492396 278.1845),43.015492396,-89.455287207,278.1845,0,0,9901,16.7128,270.4,0,0,999,999,999,0,0,43.0154922107,-89.45562290114,17.428562000000003,43.0154922964,-89.4552769016,16.80761
2025-06-10 22:49:48.300000-05:00,,,43.015492359,-89.4556550508,,,,,17.422340000000002,,,,,,,,,Track 5,POINTZ(-89.455307853 43.01549241 278.2158),43.01549241,-89.455307853,278.2158,0,0,9901,16.7817,270.3,0,0,999,999,999,0,0,43.015492301,-89.45564432601999,17.427305999999998,43.0154923375,-89.4552975153,16.79877
2025-06-10 22:49:48.400000-05:00,,,43.015492415,-89.4556765504,,,,,17.40372,,,,,,,,,Track 5,POINTZ(-89.455328486 43.015492418 278.2427),43.015492418,-89.455328486,278.2427,0,0,9901,16.8326,270.0,0,0,999,999,999,0,0,43.0154923813,-89.45566575924,17.424602,43.0154923838,-89.4553181238,16.791050000000002
2025-06-10 22:49:48.500000-05:00,Track 5,POINTZ(-89.45569805 43.015492471 270.5015),43.015492471,-89.45569805,270.5015,0.0,0.0,1.0,17.3851,270.5,1.42,2.29,1.0,0.6,0.9,26.0,26.0,Track 5,POINTZ(-89.45534904 43.015492447 278.2585),43.015492447,-89.45534904,278.2585,0,0,9901,16.8542,269.9,0,0,999,999,999,0,0,43.0154924516,-89.45568720079999,17.420450000000002,43.0154924326,-89.45533872339999,16.78338
2025-06-10 22:49:48.600000-05:00,,,43.0154925356,-89.4557194502,,,,,17.39252,,,,,,,,,Track 5,POINTZ(-89.455369612 43.015492484 278.2675),43.015492484,-89.455369612,278.2675,0,0,9901,16.8337,270.0,0,0,999,999,999,0,0,43.0154925119,-89.45570865069999,17.41485,43.0154924791,-89.4553593399,16.78673
2025-06-10 22:49:48.700000-05:00,,,43.0154926002,-89.45574085039999,,,,,17.39994,,,,,,,,,Track 5,POINTZ(-89.45539022 43.015492498 278.2907),43.015492498,-89.45539022,278.2907,0,0,9901,16.7663,270.1,0,0,999,999,999,0,0,43.01549255456,-89.45573007194,17.411194000000002,43.015492517400006,-89.4553799478,16.80078
2025-06-10 22:49:48.800000-05:00,,,43.0154926648,-89.4557622506,,,,,17.40736,,,,,,,,,Track 5,POINTZ(-89.455410849 43.015492574 278.3151),43.015492574,-89.455410849,278.3151,0,0,9901,16.7765,270.2,0,0,999,999,999,0,0,43.01549257958,-89.45575146452,17.409482,43.0154925505,-89.4554005585,16.81405
2025-06-10 22:49:48.900000-05:00,,,43.0154927294,-89.4557836508,,,,,17.41478,,,,,,,,,Track 5,POINTZ(-89.45543145 43.015492625 278.3381),43.015492625,-89.45543145,278.3381,0,0,9901,16.7837,270.3,0,0,999,999,999,0,0,43.01549258696,-89.45577282844,17.409714,43.015492580300005,-89.4554211677,16.81955
2025-06-10 22:49:49-05:00,Track 5,POINTZ(-89.455805051 43.015492794 270.4705),43.015492794,-89.455805051,270.4705,0.0,0.0,1.0,17.4222,270.6,1.388,2.2,1.0,0.6,0.8,26.0,26.0,Track 5,POINTZ(-89.455452118 43.015492647 278.3555),43.015492647,-89.455452118,278.3555,0,0,9901,16.8172,270.2,0,0,999,999,999,0,0,43.0154925767,-89.4557941637,17.411890000000003,43.015492609199995,-89.45544177619999,16.81945
2025-06-10 22:49:49.100000-05:00,,,43.0154926736,-89.455826264,,,,,17.42302,,,,,,,,,Track 5,POINTZ(-89.455472643 43.015492675 278.335),43.015492675,-89.455472643,278.335,0,0,9901,16.8491,270.1,0,0,999,999,999,0,0,43.0154925488,-89.4558154703,17.41601,43.0154926347,-89.4554623954,16.817140000000002
2025-06-10 22:49:49.200000-05:00,,,43.0154925532,-89.45584747699999,,,,,17.423840000000002,,,,,,,,,Track 5,POINTZ(-89.455493314 43.015492727 278.3458),43.015492727,-89.455493314,278.3458,0,0,9901,16.8455,270.0,0,0,999,999,999,0,0,43.01549250544,-89.45583676196,17.421302,43.015492657,-89.4554830186,16.8177
2025-06-10 22:49:49.300000-05:00,,,43.0154924328,-89.45586869,,,,,17.42466,,,,,,,,,Track 5,POINTZ(-89.455513945 43.015492708 278.3725),43.015492708,-89.455513945,278.3725,0,0,9901,16.8367,269.9,0,0,999,999,999,0,0,43.01549244662,-89.45585803868,17.427766000000002,43.0154926836,-89.45550364559999,16.8266
2025-06-10 22:49:49.400000-05:00,,,43.0154923124,-89.455889903,,,,,17.42548,,,,,,,,,Track 5,POINTZ(-89.455534571 43.015492707 278.4067),43.015492707,-89.455534571,278.4067,0,0,9901,16.8316,269.9,0,0,999,999,999,0,0,43.01549237234,-89.45587930046,17.435402000000003,43.0154927046,-89.455524286,16.83689
2025-06-10 22:49:49.500000-05:00,Track 5,POINTZ(-89.455911116 43.015492192 270.3839),43.015492192,-89.455911116,270.3839,0.0,0.0,1.0,17.4263,270.0,1.362,2.127,1.0,0.6,0.8,26.0,26.0,Track 5,POINTZ(-89.455555232 43.015492702 278.4447),43.015492702,-89.455555232,278.4447,0,0,9901,16.8311,270.0,0,0,999,999,999,0,0,43.0154922826,-89.45590054729999,17.44421,43.0154927286,-89.45554492549999,16.84883
2025-06-10 22:49:49.600000-05:00,,,43.015492102,-89.4559323668,,,,,17.44544,,,,,,,,,Track 5,POINTZ(-89.455575844 43.015492707 278.4795),43.015492707,-89.455575844,278.4795,0,0,9901,16.8393,270.0,0,0,999,999,999,0,0,43.0154921774,-89.4559217792,17.45419,43.0154927515,-89.45556557360001,16.8566
2025-06-10 22:49:49.700000-05:00,,,43.015492012,-89.4559536176,,,,,17.46458,,,,,,,,,Track 5,POINTZ(-89.45559649 43.015492764 278.5048),43.015492764,-89.45559649,278.5048,0,0,9901,16.8553,270.2,0,0,999,999,999,0,0,43.01549210778,-89.45594303332,17.465086,43.0154927666,-89.45558624190001,16.858240000000002
2025-06-10 22:49:49.800000-05:00,,,43.015491922,-89.45597486839999,,,,,17.483719999999998,,,,,,,,,Track 5,POINTZ(-89.455617253 43.015492784 278.5394),43.015492784,-89.455617253,278.5394,0,0,9901,16.8794,270.3,0,0,999,999,999,0,0,43.01549207374,-89.45596430966,17.476898,43.0154927755,-89.4556069304,16.86462
2025-06-10 22:49:49.900000-05:00,,,43.015491832,-89.4559961192,,,,,17.50286,,,,,,,,,Track 5,POINTZ(-89.455637845 43.015492865 278.5594),43.015492865,-89.455637845,278.5594,0,0,9901,16.9031,270.3,0,0,999,999,999,0,0,43.01549207528,-89.45598560822,17.489625999999998,43.015492784100005,-89.4556276314,16.875170000000004
2025-06-10 22:49:50-05:00,Track 5,POINTZ(-89.45601737 43.015491742 270.2947),43.015491742,-89.45601737,270.2947,0.0,0.0,1.0,17.522,270.0,1.258,2.021,1.0,0.6,0.8,26.0,26.0,Track 5,POINTZ(-89.455658599 43.015492876 278.5973),43.015492876,-89.455658599,278.5973,0,0,9901,16.8949,270.2,0,0,999,999,999,0,0,43.015492112400004,-89.456006929,17.503269999999997,43.015492804800004,-89.4556483459,16.88834
2025-06-10 22:49:50.100000-05:00,,,43.0154919774,-89.4560388052,,,,,17.531979999999997,,,,,,,,,Track 5,POINTZ(-89.455679326 43.015492826 278.6298),43.015492826,-89.455679326,278.6298,0,0,9901,16.8655,270.1,0,0,999,999,999,0,0,43.0154921851,-89.456028272,17.517829999999996,43.0154928346,-89.4556690756,16.90609
2025-06-10 22:49:50.200000-05:00,,,43.015492212800005,-89.45606024039999,,,,,17.54196,,,,,,,,,Track 5,POINTZ(-89.455700199 43.015492816 278.6805),43.015492816,-89.455700199,278.6805,0,0,9901,16.9093,269.8,0,0,999,999,999,0,0,43.01549231604,-89.45604959148,17.533202,43.015492872799996,-89.4556898293,16.9243
2025-06-10 22:49:50.300000-05:00,,,43.0154924482,-89.4560816756,,,,,17.55194,,,,,,,,,Track 5,POINTZ(-89.455720955 43.015492794 278.717),43.015492794,-89.455720955,278.717,0,0,9901,16.9422,269.9,0,0,999,999,999,0,0,43.01549250522,-89.45607088744,17.549386,43.0154929149,-89.4557106016,16.942510000000002
2025-06-10 22:49:50.400000-05:00,,,43.0154926836,-89.4561031108,,,,,17.56192,,,,,,,,,Track 5,POINTZ(-89.455741716 43.015492914 278.7689),43.015492914,-89.455741716,278.7689,0,0,9901,16.9633,270.2,0,0,999,999,999,0,0,43.01549275264,-89.45609215988,17.566381999999997,43.0154929616,-89.4557313901,16.95877
2025-06-10 22:49:50.500000-05:00,Track 5,POINTZ(-89.456124546 43.015492919 270.3615),43.015492919,-89.456124546,270.3615,0.0,0.0,1.0,17.5719,269.7,1.251,2.011,1.0,0.6,0.8,26.0,26.0,Track 5,POINTZ(-89.455762529 43.015493 278.8014),43.015493,-89.455762529,278.8014,0,0,9901,17.0086,270.3,0,0,999,999,999,0,0,43.0154930583,-89.45611340880001,17.58419,43.01549301,-89.4557522131,16.97251
2025-06-10 22:49:50.600000-05:00,,,43.0154934114,-89.4561455616,,,,,17.59916,,,,,,,,,Track 5,POINTZ(-89.455783381 43.015493089 278.8384),43.015493089,-89.455783381,278.8384,0,0,9901,17.0214,270.5,0,0,999,999,999,0,0,43.0154934222,-89.4561346342,17.602809999999998,43.0154930617,-89.4557730503,16.98511
2025-06-10 22:49:50.700000-05:00,,,43.0154939038,-89.4561665772,,,,,17.62642,,,,,,,,,Track 5,POINTZ(-89.455804213 43.015493185 278.8771),43.015493185,-89.455804213,278.8771,0,0,9901,17.0374,270.5,0,0,999,999,999,0,0,43.01549380642,-89.45615588628,17.620936,43.0154931406,-89.455793916,17.0042
2025-06-10 22:49:50.800000-05:00,,,43.015494396200005,-89.4561875928,,,,,17.65368,,,,,,,,,Track 5,POINTZ(-89.455825138 43.015493251 278.9274),43.015493251,-89.455825138,278.9274,0,0,9901,17.042,270.5,0,0,999,999,999,0,0,43.01549421096,-89.45617716503999,17.638568,43.0154932223,-89.4558147917,17.026010000000003
2025-06-10 22:49:50.900000-05:00,,,43.0154948886,-89.4562086084,,,,,17.68094,,,,,,,,,Track 5,POINTZ(-89.455846075 43.015493349 278.9696),43.015493349,-89.455846075,278.9696,0,0,9901,17.0405,270.4,0,0,999,999,999,0,0,43.015494635820005,-89.45619847048,17.655706000000002,43.015493311600004,-89.45583569969999,17.04731
2025-06-10 22:49:51-05:00,Track 5,POINTZ(-89.456229624 43.015495381 270.4798),43.015495381,-89.456229624,270.4798,0.0,0.0,1.0,17.7082,269.4,1.245,2.006,1.0,0.6,0.8,26.0,26.0,Track 5,POINTZ(-89.455866971 43.015493393 279.0121),43.015493393,-89.455866971,279.0121,0,0,9901,17.0209,270.2,0,0,999,999,999,0,0,43.015495081,-89.4562198026,17.67235,43.0154933956,-89.4558566359,17.069380000000002
2025-06-10 22:49:51.100000-05:00,,,43.0154958196,-89.456251326,,,,,17.713240000000003,,,,,,,,,Track 5,POINTZ(-89.455887983 43.015493615 279.0083),43.015493615,-89.455887983,279.0083,0,0,9901,17.0564,270.2,0,0,999,999,999,0,0,43.0154955465,-89.45624116140002,17.6885,43.0154934761,-89.4558775946,17.08764
2025-06-10 22:49:51.200000-05:00,,,43.0154962582,-89.456273028,,,,,17.71828,,,,,,,,,Track 5,POINTZ(-89.455908956 43.015493633 279.0679),43.015493633,-89.455908956,279.0679,0,0,9901,17.1274,270.0,0,0,999,999,999,0,0,43.0154959513,-89.45626259308001,17.705925999999998,43.0154935525,-89.455898577,17.104670000000002
2025-06-10 22:49:51.300000-05:00,,,43.0154966968,-89.45629473000001,,,,,17.72332,,,,,,,,,Track 5,POINTZ(-89.455930035 43.015493687 279.1176),43.015493687,-89.455930035,279.1176,0,0,9901,17.1552,270.1,0,0,999,999,999,0,0,43.015496295400006,-89.45628409764001,17.724628000000003,43.0154936247,-89.4559195915,17.119999999999997
2025-06-10 22:49:51.400000-05:00,,,43.0154971354,-89.45631643200001,,,,,17.72836,,,,,,,,,Track 5,POINTZ(-89.455951078 43.015493754 279.1687),43.015493754,-89.455951078,279.1687,0,0,9901,17.184,270.2,0,0,999,999,999,0,0,43.0154965788,-89.45630567508,17.744605999999997,43.0154936965,-89.4559406292,17.138569999999998
2025-06-10 22:49:51.500000-05:00,Track 5,POINTZ(-89.456338134 43.015497574 270.8143),43.015497574,-89.456338134,270.8143,0.0,0.0,1.0,17.7334,269.0,1.293,2.032,1.0,0.6,0.8,26.0,26.0,Track 5,POINTZ(-89.455972116 43.015493805 279.2198),43.015493805,-89.455972116,279.2198,0,0,9901,17.1912,270.2,0,0,999,999,999,0,0,43.0154968015,-89.4563273254,17.76586,43.0154937601,-89.4559616937,17.163099999999996
2025-06-10 22:49:51.600000-05:00,,,43.0154974594,-89.45635987840001,,,,,17.773419999999998,,,,,,,,,Track 5,POINTZ(-89.455993205 43.015493853 279.2644),43.015493853,-89.455993205,279.2644,0,0,9901,17.1917,270.1,0,0,999,999,999,0,0,43.015496963500006,-89.4563490486,17.78839,43.0154938242,-89.4559827891,17.19412
2025-06-10 22:49:51.700000-05:00,,,43.0154973448,-89.45638162280001,,,,,17.81344,,,,,,,,,Track 5,POINTZ(-89.456014358 43.015493907 279.3141),43.015493907,-89.456014358,279.3141,0,0,9901,17.1907,270.1,0,0,999,999,999,0,0,43.01549705814,-89.45637077856,17.811878,43.0154938759,-89.4560039314,17.22231
2025-06-10 22:49:51.800000-05:00,,,43.0154972302,-89.4564033672,,,,,17.85346,,,,,,,,,Track 5,POINTZ(-89.456035515 43.015493969 279.3583),43.015493969,-89.456035515,279.3583,0,0,9901,17.2277,270.2,0,0,999,999,999,0,0,43.015497085419995,-89.45639251528,17.836323999999998,43.0154939276,-89.45602510789999,17.24536
2025-06-10 22:49:51.900000-05:00,,,43.0154971156,-89.4564251116,,,,,17.89348,,,,,,,,,Track 5,POINTZ(-89.45605672 43.015493985 279.4163),43.015493985,-89.45605672,279.4163,0,0,9901,17.2858,270.1,0,0,999,999,999,0,0,43.01549704534,-89.45641425876,17.861728,43.015493975599995,-89.45604630940001,17.268459999999997
2025-06-10 22:49:52-05:00,Track 5,POINTZ(-89.456446856 43.015497001 270.9998),43.015497001,-89.456446856,270.9998,0.0,0.0,1.0,17.9335,269.2,1.377,2.137,1.0,0.6,0.8,26.0,26.0,Track 5,POINTZ(-89.456077925 43.015494034 279.4566),43.015494034,-89.456077925,279.4566,0,0,9901,17.3311,270.1,0,0,999,999,999,0,0,43.0154969379,-89.456436009,17.88809,43.015494019,-89.45606754270001,17.29007
2025-06-10 22:49:52.100000-05:00,,,43.015496766,-89.4564686256,,,,,17.94812,,,,,,,,,Track 5,POINTZ(-89.456099406 43.015494132 279.5224),43.015494132,-89.456099406,279.5224,0,0,9901,17.3383,270.1,0,0,999,999,999,0,0,43.015496763099996,-89.456457766,17.915409999999998,43.0154940623,-89.45608880850001,17.31306
2025-06-10 22:49:52.200000-05:00,,,43.015496531,-89.45649039519999,,,,,17.96274,,,,,,,,,Track 5,POINTZ(-89.456120721 43.01549415 279.5734),43.01549415,-89.456120721,279.5734,0,0,9901,17.3579,270.0,0,0,999,999,999,0,0,43.01549657242,-89.45647952184,17.94058,43.01549410689999,-89.45611010360001,17.33734
2025-06-10 22:49:52.300000-05:00,,,43.015496296,-89.4565121648,,,,,17.977359999999997,,,,,,,,,Track 5,POINTZ(-89.45614205 43.015494167 279.6292),43.015494167,-89.45614205,279.6292,0,0,9901,17.3862,270.0,0,0,999,999,999,0,0,43.015496365859995,-89.45650127652,17.9636,43.01549414789999,-89.45613143989999,17.37458
2025-06-10 22:49:52.400000-05:00,,,43.015496061,-89.4565339344,,,,,17.991979999999998,,,,,,,,,Track 5,POINTZ(-89.456163411 43.015494188 279.6854),43.015494188,-89.456163411,279.6854,0,0,9901,17.4001,270.1,0,0,999,999,999,0,0,43.01549614342,-89.45652303004,17.984469999999998,43.0154941852,-89.4561528072,17.40977
2025-06-10 22:49:52.500000-05:00,Track 5,POINTZ(-89.456555704 43.015495826 271.2043),43.015495826,-89.456555704,271.2043,0.0,0.0,1.0,18.0066,269.5,1.365,2.121,1.0,0.6,0.8,26.0,26.0,Track 5,POINTZ(-89.456184774 43.015494238 279.7289),43.015494238,-89.456184774,279.7289,0,0,9901,17.4211,270.2,0,0,999,999,999,0,0,43.015495905099996,-89.4565447824,18.003189999999996,43.015494219800004,-89.4561742063,17.439149999999998
2025-06-10 22:49:52.600000-05:00,,,43.0154955526,-89.4565774368,,,,,18.02512,,,,,,,,,Track 5,POINTZ(-89.456206156 43.015494299 279.7788),43.015494299,-89.456206156,279.7788,0,0,9901,17.4345,270.2,0,0,999,999,999,0,0,43.0154956509,-89.4565665336,18.019759999999998,43.0154942485,-89.4561956364,17.46333
2025-06-10 22:49:52.700000-05:00,,,43.0154952792,-89.4565991696,,,,,18.04364,,,,,,,,,Track 5,POINTZ(-89.456227721 43.015494317 279.8423),43.015494317,-89.456227721,279.8423,0,0,9901,17.5631,270.2,0,0,999,999,999,0,0,43.015495389600005,-89.45658833022,18.037799999999997,43.0154942852,-89.4562170573,17.489309999999996
2025-06-10 22:49:52.800000-05:00,,,43.0154950058,-89.4566209024,,,,,18.06216,,,,,,,,,Track 5,POINTZ(-89.456249188 43.015494342 279.8928),43.015494342,-89.456249188,279.8928,0,0,9901,17.5796,270.2,0,0,999,999,999,0,0,43.015495121200004,-89.45661017226,18.05731,43.015494322399995,-89.4562385102,17.51981
2025-06-10 22:49:52.900000-05:00,,,43.0154947324,-89.4566426352,,,,,18.08068,,,,,,,,,Track 5,POINTZ(-89.456270711 43.015494331 279.9243),43.015494331,-89.456270711,279.9243,0,0,9901,17.5796,270.0,0,0,999,999,999,0,0,43.0154948457,-89.45663205972,18.07829,43.015494356299996,-89.4562599977,17.55031
2025-06-10 22:49:53-05:00,Track 5,POINTZ(-89.456664368 43.015494459 271.2629),43.015494459,-89.456664368,271.2629,0.0,0.0,1.0,18.0992,269.6,1.397,2.144,1.0,0.6,0.8,26.0,26.0,Track 5,POINTZ(-89.456292226 43.015494321 279.9701),43.015494321,-89.456292226,279.9701,0,0,9901,17.5729,269.9,0,0,999,999,999,0,0,43.015494563100006,-89.4566539926,18.100740000000002,43.015494388600004,-89.45628151599999,17.57953
2025-06-10 22:49:53.100000-05:00,,,43.015494153,-89.45668659180001,,,,,18.12852,,,,,,,,,Track 5,POINTZ(-89.456313615 43.015494499 279.9885),43.015494499,-89.456313615,279.9885,0,0,9901,17.5981,269.9,0,0,999,999,999,0,0,43.0154942734,-89.45667597090001,18.12466,43.0154944133,-89.4563030695,17.60958
2025-06-10 22:49:53.200000-05:00,,,43.015493847,-89.45670881560001,,,,,18.15784,,,,,,,,,Track 5,POINTZ(-89.45633525 43.015494522 280.0332),43.015494522,-89.45633525,280.0332,0,0,9901,17.6629,270.0,0,0,999,999,999,0,0,43.01549399604,-89.45669803550001,18.149198000000002,43.0154944318,-89.456324663,17.639319999999998
2025-06-10 22:49:53.300000-05:00,,,43.015493541,-89.4567310394,,,,,18.18716,,,,,,,,,Track 5,POINTZ(-89.456356925 43.015494506 280.0884),43.015494506,-89.456356925,280.0884,0,0,9901,17.6912,270.1,0,0,999,999,999,0,0,43.01549373102,-89.4567201864,18.174354,43.015494449600006,-89.45634628140002,17.661189999999998
2025-06-10 22:49:53.400000-05:00,,,43.015493235,-89.4567532632,,,,,18.21648,,,,,,,,,Track 5,POINTZ(-89.456378594 43.015494511 280.1357),43.015494511,-89.456378594,280.1357,0,0,9901,17.6923,270.1,0,0,999,999,999,0,0,43.01549347834,-89.45674242359999,18.200128,43.015494468200004,-89.45636793690001,17.68593
2025-06-10 22:49:53.500000-05:00,Track 5,POINTZ(-89.456775487 43.015492929 271.2317),43.015492929,-89.456775487,271.2317,0.0,0.0,1.0,18.2458,270.1,1.402,2.149,1.0,0.6,0.8,26.0,26.0,Track 5,POINTZ(-89.456400309 43.015494485 280.1848),43.015494485,-89.456400309,280.1848,0,0,9901,17.7216,270.0,0,0,999,999,999,0,0,43.015493238,-89.45676474710001,18.22652,43.0154944922,-89.45638963100001,17.71474
2025-06-10 22:49:53.600000-05:00,,,43.015492779,-89.4567980828,,,,,18.2705,,,,,,,,,Track 5,POINTZ(-89.456422091 43.015494484 280.223),43.015494484,-89.456422091,280.223,0,0,9901,17.7319,270.0,0,0,999,999,999,0,0,43.01549301,-89.45678715689999,18.253529999999998,43.0154945196,-89.4564113657,17.748749999999998
2025-06-10 22:49:53.700000-05:00,,,43.015492629,-89.4568206786,,,,,18.2952,,,,,,,,,Track 5,POINTZ(-89.456443905 43.015494495 280.2632),43.015494495,-89.456443905,280.2632,0,0,9901,17.7818,270.2,0,0,999,999,999,0,0,43.01549285512,-89.4568096241,18.27696,43.0154945365,-89.4564331471,17.78162
2025-06-10 22:49:53.800000-05:00,,,43.015492479,-89.4568432744,,,,,18.3199,,,,,,,,,Track 5,POINTZ(-89.456465743 43.015494528 280.3092),43.015494528,-89.456465743,280.3092,0,0,9901,17.827,270.2,0,0,999,999,999,0,0,43.01549277336,-89.4568321487,18.29681,43.0154945576,-89.45645496419999,17.808320000000002
2025-06-10 22:49:53.900000-05:00,,,43.015492329,-89.45686587019999,,,,,18.3446,,,,,,,,,Track 5,POINTZ(-89.456487652 43.015494571 280.3546),43.015494571,-89.456487652,280.3546,0,0,9901,17.8677,270.3,0,0,999,999,999,0,0,43.01549276472,-89.4568547307,18.31308,43.0154945867,-89.456476817,17.833579999999998
2025-06-10 22:49:54-05:00,Track 5,POINTZ(-89.456888466 43.015492179 271.2339),43.015492179,-89.456888466,271.2339,0.0,0.0,1.0,18.3693,270.0,1.4,2.146,1.0,0.6,0.8,26.0,26.0,Track 5,POINTZ(-89.456509573 43.015494595 280.3972),43.015494595,-89.456509573,280.3972,0,0,9901,17.913,270.1,0,0,999,999,999,0,0,43.0154928292,-89.45687737009999,18.32577,43.0154946187,-89.4564987061,17.86388
2025-06-10 22:49:54.100000-05:00,,,43.0154926042,-89.4569112638,,,,,18.36282,,,,,,,,,Track 5,POINTZ(-89.456531429 43.015494668 280.4539),43.015494668,-89.456531429,280.4539,0,0,9901,17.9268,270.2,0,0,999,999,999,0,0,43.0154929668,-89.45690006689999,18.334880000000002,43.0154946582,-89.45652063349999,17.89505
2025-06-10 22:49:54.200000-05:00,,,43.0154930294,-89.4569340616,,,,,18.35634,,,,,,,,,Track 5,POINTZ(-89.456553421 43.015494733 280.4858),43.015494733,-89.456553421,280.4858,0,0,9901,17.9299,270.0,0,0,999,999,999,0,0,43.01549313922,-89.45692277328,18.343876,43.015494700800005,-89.4565425985,17.92782
2025-06-10 22:49:54.300000-05:00,,,43.0154934546,-89.4569568594,,,,,18.34986,,,,,,,,,Track 5,POINTZ(-89.456575453 43.015494797 280.5081),43.015494797,-89.456575453,280.5081,0,0,9901,17.9438,270.0,0,0,999,999,999,0,0,43.01549334646,-89.45694548923998,18.352758,43.015494745,-89.45656459690001,17.95776
2025-06-10 22:49:54.400000-05:00,,,43.0154938798,-89.4569796572,,,,,18.34338,,,,,,,,,Track 5,POINTZ(-89.456597485 43.015494831 280.5454),43.015494831,-89.456597485,280.5454,0,0,9901,17.9953,270.3,0,0,999,999,999,0,0,43.01549358852,-89.45696821478,18.361526,43.0154947888,-89.4565866229,17.97999
2025-06-10 22:49:54.500000-05:00,Track 5,POINTZ(-89.457002455 43.015494305 271.2977),43.015494305,-89.457002455,271.2977,0.0,0.0,1.0,18.3369,270.1,1.412,2.159,1.0,0.6,0.8,26.0,26.0,Track 5,POINTZ(-89.456619583 43.01549488 280.5847),43.01549488,-89.456619583,280.5847,0,0,9901,18.0333,270.3,0,0,999,999,999,0,0,43.0154938654,-89.45699094989999,18.370179999999998,43.0154948325,-89.45660867950001,18.00077
2025-06-10 22:49:54.600000-05:00,,,43.0154945032,-89.45702514659999,,,,,18.36046,,,,,,,,,Track 5,POINTZ(-89.456641741 43.01549491 280.6199),43.01549491,-89.456641741,280.6199,0,0,9901,18.0596,270.2,0,0,999,999,999,0,0,43.015494177099995,-89.45701369460001,18.37872,43.0154948821,-89.45663076359999,18.02155
2025-06-10 22:49:54.700000-05:00,,,43.0154947014,-89.4570478382,,,,,18.38402,,,,,,,,,Track 5,POINTZ(-89.456663889 43.015494937 280.6535),43.015494937,-89.456663889,280.6535,0,0,9901,18.0812,270.1,0,0,999,999,999,0,0,43.015494351866664,-89.4570250758,18.38048666666667,43.015494905888886,-89.45664180077777,18.03207777777778
2025-06-10 22:49:54.800000-05:00,,,43.0154948996,-89.45707052979999,,,,,18.40758,,,,,,,,,Track 5,POINTZ(-89.456686003 43.015494966 280.6743),43.015494966,-89.456686003,280.6743,0,0,9901,18.0493,270.0,0,0,999,999,999,0,0,43.015494517175,-89.457036452575,18.383505,43.0154949275,-89.45665284825,18.04485
2025-06-10 22:49:54.900000-05:00,,,43.0154950978,-89.4570932214,,,,,18.43114,,,,,,,,,Track 5,POINTZ(-89.456708218 43.015495008 280.7078),43.015495008,-89.456708218,280.7078,0,0,9901,18.0755,270.0,0,0,999,999,999,0,0,43.01549466897143,-89.45704782302857,18.38831142857143,43.01549494614285,-89.45666390471429,18.059285714285714
2025-06-10 22:49:55-05:00,Track 5,POINTZ(-89.457115913 43.015495296 271.2849),43.015495296,-89.457115913,271.2849,0.0,0.0,1.0,18.4547,270.8,1.412,2.159,1.0,0.6,0.8,26.0,26.0,Track 5,POINTZ(-89.456730414 43.015495091 280.7345),43.015495091,-89.456730414,280.7345,0,0,9901,18.1208,270.1,0,0,999,999,999,0,0,43.0154948005,-89.457059184,18.3958,43.015494965333325,-89.45667497466667,18.069950000000002
